证券代码,证券简称,上市日期,首次ST时间,time,status,x1,x2,x3,x4,x5,x6,x7,x8,x9,x10,x11,x12,x13,x14,x15,x16,x17,x18,x19,x20,x21,x22,x23,x24,x25,x26,x27,x28,x29,x30
600385.SH,*ST金泰,2001年7月23日,2003年4月9日,625,1,2.5572,7.2991,6.4097,6.8772,4.7842,7.2991,6.0382,2.0172,0.305,0.7011,1.2142,1.5986,0.399,1.2764,0.8308,52.2269,1.1677,0.2286,1.1457,-0.6415,-18.099,4.4154,0.7059,6859613.03,0.1203,6.2836,-0.96,1.32,0.0485,0.1206
000980.SZ,众泰汽车,2000年6月16日,2003年4月10日,1028,1,-1.8502,-13.6569,-7.7212,-5.9536,0.1671,-13.6569,-3.424,3.4794,1.8713,0.2856,1.365,1.5233,0.2396,1.7006,1.4707,53.3565,1.6067,0.6241,1.1439,-30.0437,-319.2057,-0.857,43.2289,-139994594,-0.0586,-3.1269,-0.11,3.08,-0.9333,2.0079
600234.SH,*ST山水,2000年6月15日,2003年4月17日,1036,1,-12.1175,-49.7551,-48.9714,-32.2947,-6.96,-49.7551,-31.0524,5.8783,0.4049,0.5918,1.4877,1.2507,0.2474,0.7552,0.48,67.5843,0.5841,0.3371,2.0849,-63.3699,-584.6656,-23.6946,66.4832,-108388608.1,-0.0131,-0.8832,-0.73,2.35,-1.1548,1.931
000995.SZ,*ST皇台,2000年8月7日,2004年4月19日,1351,1,-1.8153,-8.1267,-11.434,-12.0278,0.0492,-8.1267,-2.6506,1.4308,0.6423,0.3211,0.7535,0.5987,0.1588,1.455,1.0154,30.5024,3.9369,0.0142,0.4444,-31.5785,-514.5993,-2.5449,-3.1243,-27334732.46,-0.0408,-1.2437,-0.08,3.21,-0.1952,2.083
600516.SH,方大炭素,2002年8月30日,2006年4月26日,1335,1,-5.4064,-14.5483,-14.6864,-12.9731,-3.0536,-14.5483,-12.1825,3.8186,1.7425,0.5264,3,1.2664,0.3681,1.3236,0.8673,54.4224,1.3452,0.2447,1.2433,45.3115,-500.252,-10.8596,-5.3816,-244561482.6,-0.0317,-1.7239,-0.42,3.47,-1.2228,2.2489
600429.SH,三元股份,2003年9月15日,2006年5月8日,966,1,-8.7677,-12.7799,-12.6309,-11.4333,-8.792,-12.7799,-16.0464,7.5975,1.6077,1.837,1.5884,4.5323,0.6941,1.0537,0.8375,38.2651,3.0583,0.375,0.6478,0.1538,-757.4062,-14.4743,-15.8893,2877238,0.0876,3.3508,-0.2,1.23,0.0045,0.3561
600419.SH,天润乳业,2001年6月28日,2006年5月9日,1776,1,-2.5113,-10.1355,-8.8237,-8.0383,-2.3253,-10.1355,-4.7779,2.1003,1.1179,0.4063,1.8826,1.2854,0.2846,1.427,1.0542,48.6042,2.7943,0.4791,0.9597,-6.1528,-227.6501,-6.6159,6.4702,-45029125.61,-0.0859,-4.1766,-0.165,3.45,-0.5617,2.177
600984.SH,建设机械,2004年7月7日,2007年4月6日,1003,1,-5.5737,-12.3056,-12.3758,-11.0088,-3.5652,-12.3056,-12.2905,2.3058,1.592,0.6482,2.834,1.283,0.4504,1.3232,0.6537,49.946,1.3483,0.0977,0.9978,-4.8695,-372.4045,-16.1769,-17.1808,-206716567.4,-0.1767,-8.8276,-0.35,2.85,-1.4603,1.8217
000982.SZ,*ST中绒,2000年7月6日,2007年4月13日,2472,1,-16.2053,-67.955,-63.7845,-37.969,-16.613,-67.955,-70.9262,1.4214,1.9622,0.3127,1.9211,0.795,0.2541,1.2064,0.7047,70.0423,0.4344,0.0514,3.1174,-44.488,-2016.7412,-42.0621,-19.3955,1355303.54,0.0728,5.1024,-1.08,1.52,0.0092,1.3457
600568.SH,中珠医疗,2001年5月18日,2007年4月19日,2162,1,-3.2157,-3.8233,-4.2703,-4.069,-1.721,-3.8233,-8.5424,3.2387,2.6287,1.2396,7.4225,3.3812,0.7531,1.1975,0.7498,59.5925,1.543,0.1738,1.856,793.7074,-490.9166,-6.2886,79.2057,37023114.54,0.0695,4.1413,-0.35,4.06,0.3388,2.7106
000981.SZ,ST银亿,2000年6月22日,2007年4月30日,2503,1,-0.609,-1.4949,-1.0141,-0.9735,-0.4069,-1.4949,2.3658,8.9363,2.5479,0.833,4.088,4.941,0.6005,1.6191,1.3548,48.6708,3.936,0.7994,0.969,-11.3295,94.456,1.089,6.5214,-200429827.5,-0.6981,-33.9758,0.083,3.527,-1.2449,2.749
000725.SZ,京东方A,2001年1月12日,2007年4月30日,2299,1,-7.7026,-11.0169,-11.1136,-9.9091,-4.0738,-11.0169,-46.985,7.4433,1.6379,2.3085,6.131,8.6975,0.6931,0.9634,0.6705,82.7386,0.2607,0.3355,5.1248,181.4751,-619.9138,-31.8491,16.7289,-371917741,-0.0568,-4.701,-0.723,1.54,-0.1694,0.7363
600381.SH,青海春天,2001年5月8日,2007年5月8日,2191,1,-8.4591,-7.6601,-22.3034,-23.8685,-6.8273,-7.6601,-72.0843,8.8947,5.2401,0.4427,2.0464,0.6578,0.3793,1.3842,0.7118,76.1258,0.4292,0.1435,4.6984,93.0564,-292.5064,-42.0913,-19.8753,-173898275.5,0.1551,11.8084,-0.56,0.78,-0.608,0.0715
600579.SH,克劳斯,2002年8月9日,2007年5月8日,1733,1,-9.7994,-26.7246,-26.7117,-20.7133,-8.0362,-26.7246,-38.4241,5.4295,0.7411,0.8427,2.8545,1.4264,0.3669,0.9789,0.4072,73.2528,0.4841,0.1566,2.7387,2.8799,-1199.352,-28.2038,-8.8882,-61407281.7,0.0854,6.2584,-0.6821,1.98,-0.2843,1.2501
600552.SH,凯盛科技,2002年11月8日,2007年5月8日,1642,1,-11.8492,-20.3511,-23.422,-19.5242,-9.9152,-20.3511,-41.878,5.0658,0.9227,1.2309,3.4022,6.586,0.5059,0.7292,0.5648,63.0562,0.7008,0.2604,2.0141,110.4569,-375.9721,-31.6639,-8.8468,-71126590.34,-0.0305,-1.9205,-0.8409,2.01,-0.6079,1.539
000100.SZ,TCL集团,2004年1月30日,2007年5月8日,1194,1,-5.6381,-3.0748,-3.3155,-3.1468,-4.4001,-3.0748,-6.519,6.9917,13.8187,2.1392,19.9803,6.2669,1.7005,1.0692,0.7548,74.2927,0.668,0.3245,4.5432,133.6517,-1527.3117,-10.0187,-2.2579,-859825656,-0.0913,-6.782,-0.1238,1.8994,-0.3324,0.7333
600329.SH,中新药业,2001年6月6日,2008年4月2日,2492,1,-10.3201,-18.3104,-18.1417,-16.2393,-9.0111,-18.3104,-33.4981,6.2816,1.6404,1.4418,5.8559,2.6633,0.5689,0.8603,0.5451,61.051,1.1087,0.2667,1.5675,4.864,-521.2975,-29.2683,-12.352,-94896000,-0.0129,-0.79,-1.05,3.1217,-0.2567,2.7384
600372.SH,中航电子,2001年7月6日,2008年4月15日,2475,1,-5.466,-11.3048,-10.104,-9.8652,-5.3778,-11.3048,-23.1345,4.0544,3.3786,1.0583,5.7997,4.106,0.541,0.7916,0.6906,65.1042,32.4667,0.2872,1.8657,-42.709,-619.7522,-18.4457,-48.8198,152889490.3,0.1165,7.585,-0.59,2.533,0.3729,2.0373
600275.SH,ST昌鱼,2000年8月10日,2008年5月5日,2825,1,-4.1733,-154.0707,-216.71,-101.023,-3.9087,-154.0707,-15.392,1.2591,0.2206,0.0248,0.0841,0.0386,0.0193,1.1178,0.0454,73.42,1.3548,7.00E-04,2.7622,-43.965,-676.5965,-31.3575,3.0505,-13955724.69,-0.0179,-1.3172,-0.15,0.9788,-0.0274,0.4631
600421.SH,*ST仰帆,2004年6月7日,2008年5月5日,1428,1,1.3933,9.1841,4.4799,5.477,4.6077,9.1841,2.3269,3.4744,2.0871,0.396,1.1579,5.8458,0.311,2.4569,2.3915,32.951,0.1267,0.9016,0.4914,46.9164,-39.5303,1.6136,-4.6353,16035795.38,0.1437,4.7363,0.06,2.4198,0.082,0.8062
002075.SZ,沙钢股份,2006年10月25日,2008年9月20日,696,1,3.0372,1.9445,1.5741,1.6107,4.4096,1.9445,7.9888,16.9521,7.0028,2.9563,15.4589,10.1142,1.9296,1.0458,0.7886,67.8833,7.9234,0.5444,2.1136,252.7916,32.9007,171.4989,68.2358,404869290.6,-0.0092,-0.6219,0.21,3.1885,2.0448,1.4805
002002.SZ,鸿达兴业,2004年6月25日,2008年12月29日,1648,1,1.8135,4.1219,3.2617,3.4147,3.4633,4.1219,3.3419,8.1553,2.7431,1.0626,3.336,5.1756,0.556,1.1463,0.8668,40.6066,32.2574,0.663,0.6837,32.7918,-55.5551,-1.9897,0.7086,-110789041.6,0.0619,2.5125,0.11,3.3587,-1.2082,1.8555
002145.SZ,中核钛白,2007年8月3日,2009年4月22日,628,1,1.6338,-7.3709,3.7256,3.5981,3.5914,-7.3709,2.5393,6.0011,0.7681,1.1971,2.4728,2.5604,0.4385,1.2555,0.6935,38.0616,4.5953,0.3755,0.6145,74.7568,-58.8287,92.0139,9.9554,71511199.76,0.0886,3.3738,0.1126,3.6166,0.3764,1.7095
600130.SH,波导股份,2000年7月6日,2009年4月29日,3219,1,-20.5237,-13.2283,-12.9814,-11.8132,-23.7758,-13.2283,-78.4421,11.9372,15.3038,2.076,5.9488,6.4516,1.581,1.1506,0.7555,67.683,1.7205,0.4431,2.0943,-55.4099,-2243.4392,-43.974,-30.0167,-563997464.9,-0.2582,-17.4759,-0.77,0.9854,-0.7344,0.6208
600562.SH,国睿科技,2003年1月28日,2010年2月24日,2584,1,-4.062,-9.8423,-8.8496,-8.2159,-1.8547,-9.8423,-7.3439,14.8803,1.4895,0.8117,3.393,1.507,0.459,1.2112,0.6836,50.6678,5.1556,0.3863,1.0271,25.938,-366.7424,-9.0823,20.056,19928036.3,-0.111,-5.6251,-0.28,3.7797,0.237,2.1745
600299.SH,安迪苏,2000年4月20日,2010年4月7日,3639,1,-1.54,-2.8734,-2.0047,-1.9742,0.9436,-2.8734,-5.2541,30.5472,2.2345,1.9078,15.3382,5.0008,0.7682,0.7308,0.4601,72.8568,0.572,0.2774,2.6842,222.0103,-136.2314,-5.4205,23.2183,92575582.04,0.041,2.987,-0.29,5.5936,0.1771,3.451
600444.SH,国机通用,2004年2月19日,2010年4月19日,2251,1,-21.9103,-98.5109,-87.9192,-58.6136,-27.5166,-98.5109,-78.4629,4.2441,0.4525,0.8439,1.5912,2.2298,0.2492,0.3782,0.2603,70.2645,0.2134,0.1168,2.363,-44.6872,-2429.1228,-43.966,-18.1367,-4049078.85,-0.0605,-4.2485,-1.2,1.5351,-0.0386,0.7147
600355.SH,精伦电子,2002年6月13日,2010年4月20日,2868,1,-11.1132,-43.2313,-40.9452,-31.038,-12.03,-43.2313,-13.7483,1.7214,0.9014,0.453,0.7666,0.6379,0.2714,4.1958,2.0718,14.1051,1.7205,0.9446,0.1642,32.8151,-1217.4319,-12.0866,-11.1305,18160850.83,-0.2722,-3.8393,-0.31,2.2831,0.0738,1.318
600301.SH,ST南化,2000年7月12日,2010年4月26日,3575,1,-6.5137,-9.0669,-8.8084,-8.2438,-3.3137,-9.0669,-17.766,26.2061,1.324,2.7767,7.537,10.6425,0.7395,0.7089,0.5652,63.9381,0.8301,0.3859,1.773,95.7013,-328.6744,-20.4784,17.3895,338066804.9,0.0936,5.9824,-0.5587,3.1446,1.4377,2.36
000976.SZ,华铁股份,2000年6月1日,2010年4月27日,3617,1,-15.5216,-14.7242,-14.727,-13.2872,-14.9099,-14.7242,-39.2532,92.6749,1.9837,2.5163,3.2764,5.4578,1.054,0.6671,0.3873,55.6731,4.1581,0.3569,1.256,-21.248,-2265.3926,-28.1884,-19.4849,61246695.2,0.1605,8.9372,-0.4825,1.2293,0.1044,0.6114
600490.SH,鹏欣资源,2003年6月26日,2010年4月29日,2499,1,-12.5104,-34.2414,-32.8998,-27.5741,-11.273,-34.2414,-21.3922,2.9713,1.5306,0.6309,1.3768,1.2005,0.3803,1.3578,0.6806,45.5018,2.1586,0.2612,0.8349,91.8112,-2232.3816,-17.6224,-7.6293,-10342212.06,-0.1457,-6.6297,-0.39,1.8077,-0.0784,1.0118
600365.SH,通葡股份,2001年1月15日,2011年2月16日,3684,1,-13.3465,-56.0435,-55.0053,-47.9326,-13.4759,-56.0435,-24.3118,2.2352,0.5459,0.5063,0.492,0.5269,0.2426,1.1022,0.4299,42.3322,14.9699,0.0247,0.7341,-3.3432,-1864.6685,-19.5571,-9.1679,-4403655.53,0.0782,3.3119,-0.27,1.1132,-0.0315,2.0397
600281.SH,太化股份,2000年11月9日,2011年4月27日,3821,1,-7.3668,-10.5932,-10.1187,-9.1879,-5.748,-10.5932,-24.4314,8.913,2.1408,1.6617,5.4117,6.1291,0.728,0.6722,0.4927,69.9584,1.9535,0.1519,2.3287,46.2374,-1695.6292,-19.605,3.4559,-11918626.62,0.0018,0.1262,-0.5,2.0611,-0.0232,1.0034
600539.SH,ST狮头,2001年8月24日,2011年6月30日,3597,1,0.0739,1.2793,0.1628,0.1726,0.1952,1.2793,0.0954,5.4616,1.1379,0.7946,2.2364,4.4152,0.4539,2.6015,2.271,23.0457,1.7205,1.8374,0.2995,14.5221,-57.5881,-0.3137,1.3508,94275214.72,0.3587,8.2669,0.0036,3.8169,0.4099,2.2233
002114.SZ,罗平锌电,2007年2月15日,2012年3月23日,1863,1,-0.991,-2.1168,-1.0066,-0.9988,1.7003,-2.1168,-3.5723,86.3276,2.5786,1.9731,6.5808,2.4578,0.9845,0.9053,0.2379,64.205,0.6878,0.1678,1.7937,-2.3306,-285.571,-3.4302,18.231,28238138.88,-0.1117,-7.1687,-0.09,2.505,0.1536,0.9266
002102.SZ,ST冠福,2006年12月29日,2012年4月26日,1945,1,-5.7955,-16.01,-12.7765,-11.1211,-3.6342,-16.01,-15.6357,3.7996,1.6526,0.825,3.3082,1.3934,0.4536,0.9378,0.6115,64.6278,1.6329,0.3385,1.8271,65.5885,-1345.0307,42.3723,28.337,200799508.3,-0.0789,-5.1018,-0.49,2.7044,0.9813,1.4361
002019.SZ,亿帆医药,2004年7月13日,2012年4月27日,2845,1,-17.2091,-49.1953,-53.0448,-47.853,-15.0566,-49.1953,-28.4003,4.732,1.0506,0.8507,1.7235,2.6591,0.3244,0.9988,0.7002,41.433,2.06,0.3817,0.7074,-50.3251,-763.5239,-23.8241,5.3458,-72430958.88,-0.068,-2.8154,-0.8963,3.1558,-0.3286,1.5272
000972.SZ,ST中基,2000年9月26日,2012年5月2日,4236,1,-8.6488,-28.6503,-32.1941,-22.2587,-4.7312,-28.6503,-25.9996,2.3605,0.6996,0.5004,3.1365,1.1959,0.2686,0.949,0.4754,75.2841,0.3774,0.2126,3.046,-29.4395,-12812.6337,16.9285,-3.2289,254111022.4,-0.1027,-7.7314,-0.7569,2.7843,0.5271,2.036
600392.SH,盛和资源,2003年5月29日,2012年5月2日,3261,1,-7.5882,-25.743,-24.6046,-21.0885,-5.5393,-25.743,-21.7034,2.6024,5.6312,0.4527,2.3382,3.1649,0.3084,5.4762,4.586,63.1358,1.2281,1.7882,1.7127,-28.428,-1635.289,-17.838,-12.8786,178617580.7,0.0643,4.0584,-0.56,2.5948,1.1406,0.9779
002506.SZ,协鑫集成,2010年11月18日,2013年2月1日,806,1,-0.995,-1.2986,-1.665,-1.7596,1.0044,-1.2986,-1.8863,2.3299,4.4862,0.8028,6.3213,5.1163,0.5976,1.2478,1.0232,56.4053,1.6502,0.1683,1.2939,162.4331,-125.2881,-5.2231,49.6917,-2015367661,-0.2833,-15.9773,-0.1,5.5093,-3.8228,3.7882
002162.SZ,悦心健康,2007年8月23日,2013年2月8日,1996,1,-9.6872,-21.4195,-19.9475,-17.0159,-7.5134,-21.4195,-26.1712,6.9884,1.0648,1.164,2.1781,1.6486,0.4856,0.8486,0.3819,63.5235,0.7205,0.1955,1.7415,5.4318,-641.8165,-22.5983,3.4788,40449983.39,0.0566,3.5953,-0.4343,1.6594,0.0968,0.7743
600961.SH,株冶集团,2004年8月30日,2013年3月15日,3119,1,-9.121,-5.1853,-5.0531,-4.9101,-5.6015,-5.1853,-41.1569,111.7577,5.3656,3.7772,22.2249,5.0414,1.805,0.7316,0.2059,77.9251,0.2455,0.1291,3.53,39.9508,-3378.1545,-33.6567,-0.6101,-200862581.2,-0.108,-8.4126,-1.12,2.7146,-0.3808,1.8958
002265.SZ,西仪股份,2008年8月6日,2013年3月27日,1694,1,-1.8599,-5.8701,-3.9244,-3.7278,-1.4619,-5.8701,-2.5871,3.3175,1.4132,0.8532,1.3166,2.2128,0.4739,1.9509,1.1923,29.8855,18.4032,0.5612,0.4262,-10.6648,-221.2579,1.1435,-1.7703,-43473407.97,-0.0875,-2.6157,-0.05,1.9002,-0.1494,0.4908
600980.SH,北矿科技,2004年5月12日,2013年4月3日,3248,1,-8.1525,-11.5465,-11.3665,-10.7108,-7.9043,-11.5465,-9.5543,6.3139,1.7549,1.4173,2.2244,2.9267,0.7172,1.8306,0.9208,26.6677,33.5196,0.4755,0.3637,17.1661,-920.2484,-8.2853,-11.3229,-5908913.17,0.3003,8.0081,-0.1928,2.0178,-0.0455,1.306
600319.SH,ST亚星,2001年3月26日,2013年5月2日,4420,1,-1.558,-3.7914,-2.573,-2.5097,2.5717,-3.7914,-6.3763,12.8842,1.1752,1.509,6.691,6.2905,0.6055,0.6063,0.4663,72.6487,1.1284,0.3586,2.6561,1.4523,-383.1627,-6.247,-1.349,-3701199.51,0.0727,5.2788,-0.18,2.7554,-0.0117,2.2791
002160.SZ,常铝股份,2007年8月21日,2014年3月11日,2394,1,-3.6267,-3.7913,-3.6176,-3.4936,-0.3846,-3.7913,-11.7991,7.3569,3.6552,1.6528,5.6306,4.1746,1.0025,0.9578,0.6288,71.3908,0.8339,0.4116,2.4954,55.0963,-1260.1448,-10.8071,16.0724,137723445.3,0.1703,12.1585,-0.204,1.7263,0.4051,0.5776
600550.SH,保变电气,2001年2月28日,2014年3月12日,4760,1,-10.3552,-51.1009,-50.3012,-39.0684,-7.8372,-51.1009,-27.2602,1.2408,0.9482,0.4153,2.4933,1.551,0.2059,1.3684,0.9859,61.2223,0.9396,0.3146,1.5788,-43.0365,-2734.6037,-17.0425,-7.0552,-466948438.9,0.0169,1.0327,-1.11,4.1388,-0.3401,2.6326
002459.SZ,晶澳科技,2010年8月10日,2014年3月17日,1315,1,-14.4755,-70.8275,-67.112,-44.2467,-12.6741,-70.8275,-34.3013,0.8652,1.4433,0.3086,2.2192,0.7382,0.2157,1.1545,0.6321,59.1622,1.4788,0.1336,1.4487,-50.8509,-1666.1075,-25.381,5.9046,-157733291.2,-0.062,-3.6668,-1.43,4.1703,-0.7096,3.7468
002134.SZ,天津普林,2007年5月16日,2014年4月14日,2525,1,-10.619,-20.1718,-20.3465,-17.0086,-10.5065,-20.1718,-14.549,3.5402,1.0365,1.2783,1.78,4.3358,0.5219,1.7644,1.0847,24.7614,27.9419,0.3321,0.3291,18.9836,-3586.0703,-12.601,-6.4956,-50361369.07,-0.2733,-6.7685,-0.36,2.4789,-0.2048,1.2295
002164.SZ,宁波东力,2007年8月23日,2014年4月23日,2435,1,-2.7872,-11.3076,-8.8218,-8.1892,-1.5767,-11.3076,-4.9866,1.8484,0.8158,0.805,1.386,2.1555,0.3159,0.7783,0.5449,44.1704,2.1588,0.1139,0.7912,15.5995,-305.3445,-5.8468,0.5888,-25930016.97,0.1173,5.1816,-0.12,2.4525,-0.0582,0.9837
002217.SZ,合力泰,2008年2月20日,2014年4月25日,2256,1,-0.8553,-2.489,-1.0588,-1.0385,-0.2461,-2.489,-1.313,46.835,1.8262,2.2501,3.5375,10.8605,0.8078,0.9166,0.7366,39.1867,5.9378,0.4678,0.6444,104.2986,-111.5455,-4.1156,2.1777,15862053.65,0.2568,10.0647,-0.03,2.6554,0.0474,0.3924
002006.SZ,精功科技,2004年6月25日,2014年4月29日,3595,1,-8.2687,-31.5122,-27.5766,-26.1926,-8.7779,-31.5122,-18.9951,1.4326,1.3809,0.4194,1.6159,0.9446,0.2998,1.3264,0.8141,54.0123,3.4832,0.4248,1.1745,14.8591,-151.4988,-17.9105,-18.0082,-184437135.9,-0.2725,-14.7169,-0.43,2.2517,-0.4052,0.5768
002248.SZ,华东数控,2008年6月12日,2014年4月29日,2147,1,-4.2385,-38.2372,-33.5351,-26.4588,-2.3551,-38.2372,-10.6981,1.6875,0.4494,0.3667,1.4485,0.5782,0.1264,0.7975,0.3539,60.9565,0.3398,0.1308,1.5612,-35.01,-688.8524,-10.462,9.1795,29244778.92,-0.0209,-1.2723,-0.38,3.5814,0.1136,1.8643
600282.SH,南钢股份,2000年9月19日,2014年4月30日,4971,1,-1.6386,-2.9159,-1.7536,-1.7002,0.1816,-2.9159,-6.3847,62.658,2.1169,2.2191,8.2647,5.9644,0.9344,0.7703,0.5078,74.2852,0.6319,0.4044,2.8888,37.4546,-270.0917,-9.7299,-0.4696,135938741.4,0.0779,5.7872,-0.1448,2.2684,0.0351,0.1028
601558.SH,ST锐电,2011年1月13日,2014年5月5日,1208,1,-1.8564,-18.9392,-14.501,-11.6253,-2.0006,-18.9392,-4.7316,0.389,3.4283,0.1422,0.9994,0.4281,0.128,1.9442,1.2661,57.0575,11.5373,0.4677,1.3287,-70.7352,-197.3068,-10.0121,-15.8971,-4615072460,-0.0254,-1.4495,-0.14,3.063,-1.1479,1.7761
002633.SZ,申科股份,2011年11月22日,2015年1月28日,1163,1,-2.9622,-9.8007,-10.9573,-10.0748,-0.9541,-9.8007,-5.2949,1.3165,0.8209,0.4762,1.6667,1.5153,0.2703,1.5672,1.1636,38.4473,5.0351,0.608,0.6246,20.2245,-521.1572,-5.0286,-4.6814,-35142828.35,0.1063,4.0867,-0.19,3.5935,-0.2343,1.9037
002192.SZ,融捷股份,2007年12月5日,2015年3月23日,2665,1,-4.5838,-7.0191,-6.907,-6.751,-1.331,-7.0191,-14.8194,3.4626,3.9451,1.1209,5.6955,2.5176,0.6636,0.9909,0.6157,67.5872,0.2398,0.151,2.0852,-31.5711,-1015.5288,35.9539,-10.939,-40735224.16,-0.1217,-8.2243,-0.39,2.5631,-0.2867,1.3211
600962.SH,国投中鲁,2004年6月22日,2015年4月30日,3964,1,-4.1544,-8.6411,-7.9837,-7.364,-2.219,-8.6411,-10.464,5.3743,2.1552,0.7448,4.7492,0.9377,0.5204,1.2551,0.3693,53.0641,0.7931,0.1343,1.1306,33.353,-296.2721,-10.6826,-10.2919,-96955981.25,0.1909,10.1288,-0.3572,3.4138,-0.3698,2.0091
600408.SH,ST安泰,2003年2月12日,2015年5月4日,4464,1,-4.8202,-8.7975,-8.0039,-7.4604,-1.5534,-8.7975,-11.1524,4.0825,1.5584,1.0996,4.4535,4.388,0.6022,1.1646,0.8755,62.4988,1.1471,0.3533,1.6666,-9.2942,-1532.855,-10.1151,3.3871,390591497.2,0.0797,4.979,-0.24,2.1641,0.388,1.4433
002109.SZ,兴化股份,2007年1月26日,2016年3月1日,3322,1,-7.8634,-15.735,-15.8842,-13.9167,-7.1628,-15.735,-13.0198,14.7874,0.8932,2.0334,2.6458,12.5613,0.495,0.6712,0.5525,39.7828,3.1017,0.3555,0.6607,-31.985,-344.9039,-11.5716,2.5475,-36330009.19,-0.1095,-4.3578,-0.42,3.2377,-0.1014,0.5492
600230.SH,沧州大化,2000年4月6日,2016年3月25日,5832,1,-4.6723,-6.7325,-6.9752,-6.5818,-1.5202,-6.7325,-11.1369,1140.1238,1.0446,2.6726,10.592,8.2435,0.6698,1.0924,0.7791,58.8017,1.7404,0.7043,1.4273,20.475,-305.7969,7.5473,2.166,68295117.67,0.0559,3.288,-0.6879,5.8718,0.2321,2.1829
600581.SH,八一钢铁,2002年8月16日,2016年3月30日,4975,1,-9.3057,-10.1661,-9.8596,-9.0601,-7.204,-10.1661,-127.1401,1175.645,1.3603,3.56,26.9246,5.6563,0.9438,0.3047,0.1069,92.4613,0.2028,0.0537,12.2649,-26.1701,-6195.3897,-56.102,-5.6573,101391308.7,-0.0565,-5.2205,-2.65,2.088,0.1323,1.3633
600375.SH,华菱星马,2003年4月1日,2016年4月12日,4760,1,-4.4548,-9.3659,-7.6739,-7.3399,-4.2985,-9.3659,-10.5578,4.82,1.586,1.1834,8.9923,3.371,0.5805,0.8784,0.5499,58.6413,375.6299,0.2448,1.4179,-27.0851,-253.6974,-13.2211,5.0938,-1026575018,-0.0466,-2.73,-0.68,6.4145,-1.8472,4.7952
600520.SH,文一科技,2002年1月8日,2016年4月18日,5214,1,-9.8892,-21.6696,-23.5238,-21.0999,-7.7625,-21.6696,-14.0842,2.4407,1.9211,0.7678,1.9012,2.7112,0.4204,1.8933,1.4935,32.1627,0.7114,0.7799,0.4741,6.392,-972.2479,135.3004,25.0822,98626080.49,-0.3609,-11.6071,-0.4655,2.9898,0.6225,2.3943
000962.SZ,东方钽业,2000年1月20日,2016年4月20日,5935,1,-7.6062,-14.9027,-13.7289,-12.5105,-6.4207,-14.9027,-16.1503,5.1016,1.3867,1.0304,5.5636,1.7766,0.554,1.2955,0.5644,49.225,1.2854,0.266,0.9695,5.5397,-9128.3098,-14.3516,-14.5847,-141013791.1,0.0852,4.1917,-0.7637,4.7288,-0.3199,2.715
002379.SZ,宏创控股,2010年3月31日,2016年4月22日,2214,1,-5.8506,-19.9032,-16.9989,-14.1371,-3.9231,-19.9032,-26.3902,9.456,1.2892,0.7537,2.2011,4.3294,0.3442,0.753,0.6254,74.0599,0.9947,0.2917,2.855,13.8268,-4874.3143,-21.097,-25.6877,-247379986.6,-0.1154,-8.5465,-0.3733,1.4144,-0.267,0.612
002199.SZ,东晶电子,2007年12月21日,2016年4月26日,3049,1,-10.2307,-54.89,-52.3691,-38.475,-6.8983,-54.89,-21.2802,4.5885,0.3557,0.8316,1.2712,1.9782,0.1954,0.7297,0.4714,55.8682,1.027,0.1391,1.2659,22.7512,-641.8459,23.9661,18.0593,9573343.52,-0.0926,-5.1726,-0.74,2.9468,0.0393,2.1178
002513.SZ,蓝丰生化,2010年12月3日,2016年4月27日,1972,1,-1.441,-4.9417,-2.9922,-2.869,0.2118,-4.9417,-3.2605,4.7109,0.8367,1.5652,5.8749,4.455,0.4816,0.7248,0.4941,55.9954,2.1006,0.194,1.2725,9.5156,-277.5418,-3.1344,0.8789,41667619.47,0.0875,4.901,-0.18,5.3915,0.1955,2.8724
600346.SH,恒力石化,2001年8月20日,2016年4月29日,5366,1,-6.4425,-22.2533,-21.6616,-18.2236,-3.4974,-22.2533,-28.8725,2.6573,0.6175,0.71,3.0173,1.3372,0.2974,0.7387,0.3914,74.9182,0.5415,0.1467,2.987,-6.39,-1505.9448,15.5297,4.1038,48424591.9,0.0693,5.1899,-0.67,2.2809,0.1668,2.0355
002289.SZ,*ST宇顺,2009年9月3日,2016年5月3日,2434,1,-8.3311,-11.5551,-11.7713,-11.8766,-6.1666,-11.5551,-19.6229,4.4203,5.2021,1.1321,14.719,3.6657,0.7077,1.2094,0.886,57.3342,1.9872,0.4413,1.3438,223.8363,-3133.3545,9.0363,2.7027,-25272624.27,-0.0393,-2.2516,-1.9735,8.921,-0.1353,9.6271
601005.SH,重庆钢铁,2007年2月28日,2017年4月5日,3689,1,-13.8624,-111.196,-71.7026,-45.0534,-12.1297,-111.196,-150.0987,17.1771,0.2782,0.9816,1.8823,1.9522,0.1933,0.1866,0.067,89.7825,0.0788,0.0419,8.7871,-54.7639,-11693.4125,-60.0069,-16.8058,-113772000,-0.0476,-4.278,-1.35,0.8992,-0.0256,1.5008
002490.SZ,山东墨龙,2010年10月21日,2017年4月7日,2360,1,-4.8169,-20.0616,-17.7518,-15.5324,-4.4486,-20.0616,-10.6678,2.9188,1.0348,0.703,2.0228,1.5554,0.2713,0.6418,0.3678,56.6227,1.1336,0.12,1.3054,-45.3292,-2109.5789,-9.6919,-3.1983,-278533864.2,0.0062,0.3526,-0.33,3.0496,-0.3491,1.0647
600425.SH,青松建化,2003年7月24日,2017年4月11日,5010,1,-8.0093,-55.3134,-53.0758,-36.2514,-5.8873,-55.3134,-14.8907,3.4972,0.3145,0.7029,1.2727,1.7116,0.1509,0.6002,0.3643,56.4513,1.007,0.0903,1.2963,-23.7233,-686.6092,-13.8581,-8.7994,-318465953.8,0.0106,0.5987,-0.49,3.3159,-0.231,2.3221
601106.SH,中国一重,2010年2月9日,2017年4月21日,2628,1,-4.6489,-37.3609,-36.1983,-27.9681,-2.9757,-37.3609,-12.0461,0.408,0.7129,0.1771,0.7666,0.7325,0.1284,1.6155,1.2313,60.3737,1.111,0.2549,1.5236,-39.7468,-9505.0462,-11.1009,-4.7964,-221029136.3,-0.0187,-1.1266,-0.2746,2.2792,-0.0338,1.2871
002571.SZ,德力股份,2011年4月12日,2017年4月25日,2205,1,-2.7893,-7.9743,-7.3154,-7.2169,-2.2027,-7.9743,-4.1264,3.2735,1.4132,0.8141,2.188,2.4864,0.3813,1.6468,1.1928,31.7962,15.6789,0.593,0.4662,20.6697,-754.4337,-3.9629,-1.795,-146414192.4,0.0701,2.2294,-0.1599,3.8761,-0.3736,2.3058
002312.SZ,三泰控股,2009年12月3日,2017年4月28日,2703,1,-0.7793,-5.698,-2.6592,-2.5747,0.513,-5.698,-0.8551,1.2519,1.696,0.4359,1.5525,7.6919,0.2931,2.5454,2.4807,35.4844,5.0486,1.2741,0.55,116.9524,-139.9002,173.2206,140.4777,1500176057,-0.0556,-1.9741,-0.04,4.8279,1.6329,3.4898
002473.SZ,圣莱达,2010年9月10日,2017年5月2日,2426,1,-3.0967,-17.4433,-13.3587,-11.7279,-3.8589,-17.4433,-3.5031,3.5717,0.8617,0.4175,0.6577,2.2114,0.2318,3.1535,2.679,18.2969,1.7205,1.7087,0.2239,-48.7001,-39.2427,-3.3846,4.8823,-2074324.13,-0.2195,-4.017,-0.098,2.3525,-0.013,1.3872
600423.SH,ST柳化,2003年7月17日,2017年5月3日,5039,1,-9.5925,-19.4273,-18.4665,-15.824,-6.4392,-19.4273,-61.6888,11.7651,0.8667,1.6682,6.5842,5.5716,0.5195,0.5345,0.3691,83.5623,0.3498,0.1362,5.0836,-6.7133,-5740.4124,-39.5751,-10.2504,-342699009.9,0.0201,1.6829,-1.22,1.971,-0.8581,1.2753
002604.SZ,*ST龙力,2011年7月28日,2018年1月19日,2367,1,3.371,12.4473,13.2672,15.4655,4.2612,12.4473,3.8526,8.2021,1.3143,0.8215,1.467,8.7048,0.2541,2.4327,2.2743,27.7957,-0.5259,1.9381,0.385,-2.6178,142.7122,61.3061,56.7174,244277883.6,0.1717,4.7731,0.216,5.0857,0.4074,3.0693
600321.SH,ST正源,2001年5月24日,2018年4月12日,6167,1,-0.2888,-1.8447,-1.6467,-1.3579,0.4179,-1.8447,-0.3474,4.2364,0.2465,0.9613,0.3725,1.6495,0.1754,1.5969,0.6683,11.3784,425.048,0.2738,0.1284,-24.4521,84.4783,-0.3462,-11.8576,43845726.42,-0.0507,-0.577,-0.006,1.7628,0.029,0.6763
601798.SH,ST蓝科,2011年6月22日,2018年4月25日,2499,1,-4.6398,-33.3643,-24.8928,-23.0726,-4.6537,-33.3643,-7.5388,0.7272,0.5586,0.3479,1.5648,1.203,0.1864,1.3559,1.0718,40.8347,5.8188,0.3545,0.6902,-39.5279,-403.2762,-7.2728,8.9692,86120343.82,0.1001,4.0882,-0.387,5.14,0.2429,2.8121
600238.SH,ST椰岛,2000年1月20日,2018年4月26日,6671,1,-2.3129,-3.2561,-4.1987,-4.2931,-0.5838,-3.2561,-4.0797,40.1461,3.5152,0.7815,1.8881,1.2793,0.5509,3.6553,2.5376,50.3341,1.7205,2.135,1.0135,-7.0617,-367.5586,-3.943,30.7778,532710379.1,0.0942,4.7393,-0.08,1.9278,1.1886,0.2844
002194.SZ,武汉凡谷,2007年12月7日,2018年4月27日,3794,1,-6.5491,-10.0029,-9.8643,-9.2191,-6.038,-10.0029,-8.2727,3.9715,3.4808,0.9168,2.967,2.6171,0.6639,3.4739,2.3795,21.6754,1.7205,1.7112,0.2767,49.0126,-320.2504,-2.193,2.1709,421577147.4,0.6682,14.4839,-0.3,3.5378,0.7466,1.4616
002570.SZ,贝因美,2011年4月12日,2018年4月27日,2572,1,-13.6271,-23.3783,-27.9247,-23.5461,-9.8001,-23.3783,-27.0787,2.1863,1.6968,0.8703,2.7036,1.8019,0.488,1.4144,1.133,51.6049,2.5801,0.3848,1.0663,-54.8072,-962.8033,-21.404,12.8309,371054786.8,-0.1366,-7.0481,-0.76,2.8195,0.3629,1.1574
002260.SZ,*ST德奥,2008年7月16日,2018年5月2日,3577,1,0.5663,0.5074,0.732,0.7284,2.5254,0.5074,1.5137,9.0446,6.0348,1.6061,2.7044,3.8888,0.7736,0.6975,0.4529,65.4337,-0.3962,0.2706,1.893,5.4211,124.3781,3.7028,15.2459,-42556553.95,0.0667,4.3666,0.02,1.2809,-0.1605,0.0485
002263.SZ,*ST东南,2008年7月28日,2018年5月2日,3565,1,-4.6997,-20.4896,-20.2329,-18.6447,-3.4196,-20.4896,-6.7807,6.7405,0.5917,0.8927,0.5061,4.6247,0.2323,0.9476,0.7908,29.7207,4.8908,0.4138,0.4229,27.7602,-5439.8609,-7.2443,-5.7734,-72771968.61,0.0906,2.6916,-0.1,1.4573,-0.0387,0.447
002122.SZ,*ST天马,2007年3月28日,2018年5月3日,4054,1,-3.6262,-9.0519,-11.9319,-12.7371,-2.6875,-9.0519,-5.6512,2.1831,0.9621,0.5259,1.8167,0.9906,0.3039,2.4759,1.4508,29.6187,216.5382,0.4176,0.4208,6.2313,-582.4833,-6.0774,-12.0026,165817729.9,0.4546,13.4644,-0.21,3.756,0.1396,0.866
002552.SZ,宝鼎科技,2011年2月25日,2018年5月3日,2624,1,-13.7994,-94.5393,-92.6306,-69.9032,-13.6457,-94.5393,-23.295,1.6777,0.4746,0.5878,0.6007,1.441,0.149,0.6677,0.3811,37.8899,2.4419,0.1307,0.61,-16.7055,-4033.0568,-11.3644,-8.9424,-2989955.69,0.2133,8.082,-0.56,2.3874,-0.01,1.1344
600399.SH,ST抚钢,2000年12月29日,2018年6月27日,6389,1,-0.4018,-1.3361,-0.9428,-0.9489,2.8099,-1.3361,-20.9145,4.1803,1.7009,0.7242,3.5981,2.1142,0.4262,0.6135,0.4376,98.0062,-0.2198,0.2845,49.1543,-14.3233,-122.4172,-89.0132,-18.616,-95521459.48,-0.0142,-1.3958,-0.0339,0.1622,-0.0735,0.1251
300028.SZ,金亚科技,2009年10月30日,2018年6月27日,3162,1,-2.8917,-26.2305,-14.7078,-12.3221,-4.405,-26.2305,-5.8525,1.782,3.6925,0.4131,0.417,4.0445,0.1966,0.745,0.6979,27.1834,1.7205,0.1093,0.3733,-75.833,-205.4023,3.4072,-48.652,-196513158.1,0.2753,7.4829,-0.0612,1.048,-0.5713,1.0559
002427.SZ,*ST尤夫,2010年6月8日,2018年8月2日,2977,1,4.2714,8.2361,7.6421,8.3379,4.3393,8.2361,7.6485,5.2897,1.7395,1.1271,6.1787,5.8703,0.5589,0.8824,0.7829,57.7767,2.1705,0.5151,1.3684,39.8684,80.5186,4.3588,87.0199,1176713941,0.1161,6.7056,0.42,5.537,2.9554,3.2982
002496.SZ,辉丰股份,2010年11月9日,2018年8月14日,2835,1,2.4803,3.516,2.8945,2.9782,3.3264,3.516,5.0606,8.8464,2.6914,1.7315,3.8743,4.4659,0.8569,1.4582,1.0559,48.3285,2.832,0.3944,0.9353,179.9997,3.4057,9.3509,20.8465,-106256684.4,-0.1207,-5.8323,0.12,2.2861,-0.0705,0.638
603188.SH,ST亚邦,2014年9月9日,2018年8月14日,1435,1,15.7631,33.3726,28.5638,43.3677,18.4527,33.3726,18.932,8.4601,2.1394,1.0526,3.9714,1.817,0.5519,3.1946,2.3083,16.6475,1.7205,1.5147,0.1997,19.7091,-1.7923,11.8664,3.0807,19828871.3,0.7858,13.0816,1.1378,6.0101,0.0344,2.0507
002450.SZ,*ST康得,2010年7月16日,2019年1月23日,3113,1,8.1593,24.5393,21.0011,28.0193,9.6964,24.5393,13.7376,2.5604,3.5574,0.5026,3.3316,11.9651,0.3885,2.1419,2.0923,47.3785,1.7205,1.6138,0.9004,126.3607,25.9941,15.5977,29.6582,388758862.3,0.2256,10.6874,0.7,5.0901,0.1099,1.9236
002190.SZ,*ST集成,2007年12月3日,2019年3月25日,4130,1,-2.8398,-16.7124,-13.2237,-11.8952,-3.3919,-16.7124,-6.4856,2.1366,0.7353,0.4101,5.6274,2.3341,0.2148,1.3935,1.1429,55.0726,18.8407,0.7195,1.2258,106.8766,-230.0971,-8.1936,3.5075,-845276249.3,-0.0532,-2.9302,-0.3138,4.8386,-2.4487,2.827
600526.SH,*ST菲达,2002年7月22日,2019年4月22日,6118,1,-2.4327,-4.7631,-5.2113,-5.2139,-1.3127,-4.7631,-7.1237,2.8327,5.1275,0.6177,6.9512,1.1043,0.4668,1.1216,0.5919,71.5116,1.1622,0.2029,2.5102,36.7087,-502.4793,-7.6453,4.4921,-1928724.29,-0.0361,-2.581,-0.3,4.2759,-0.0035,3.1077
600485.SH,*ST信威,2003年8月7日,2019年4月30日,5745,1,-8.1223,-316.2286,-273.5454,-82.2754,-6.8769,-316.2286,-17.7065,0.1401,1.1125,0.035,0.2213,0.5298,0.0297,2.5826,2.4593,52.3597,1.7205,1.578,1.0991,-79.5067,-210.611,-15.5391,-2.2896,-430118346.8,-0.066,-3.4574,-0.6,3.4168,-0.1471,1.0495
002005.SZ,*ST德豪,2004年6月25日,2019年4月30日,5422,1,-7.0297,-22.0763,-22.9754,-19.7309,-4.9651,-22.0763,-15.7296,3.6508,1.1591,0.6684,2.3817,4.412,0.306,0.9585,0.8533,53.7444,4.2637,0.4904,1.1619,1.1607,-3569.5975,15.3124,3.0594,1520061031,0.0674,3.6223,-0.6664,3.4995,0.8614,2.666
002021.SZ,*ST中捷,2004年7月15日,2019年4月30日,5402,1,-5.4001,-9.2565,-9.4367,-8.8554,-3.2585,-9.2565,-9.949,4.9273,4.4304,0.8491,1.4574,3.7305,0.5722,1.4113,1.116,46.23,3.6501,0.2326,0.8598,-10.7634,-650.9225,-9.0058,0.6831,-203387289.7,0.0525,2.4249,-0.14,1.3621,-0.2957,0.7275
002420.SZ,*ST毅昌,2010年6月1日,2019年4月30日,3255,1,-11.6264,-10.2584,-8.4427,-8.2758,-12.6402,-10.2584,-40.4923,4.5827,6.4847,2.0338,14.2088,6.0313,1.3771,0.9904,0.6444,71.0228,1.3503,0.1493,2.451,75.7125,-3315.9675,-28.8468,-0.5639,-14258808.9,0.0082,0.5836,-1.19,2.9471,-0.0356,2.0148
002569.SZ,*ST步森,2011年4月12日,2019年4月30日,2940,1,-5.0468,-9.8766,-9.831,-10.4247,-4.617,-9.8766,-6.8802,5.005,6.9271,0.6509,2.4561,1.188,0.5134,2.3282,1.5646,31.0334,1.7205,1.1033,0.45,-28.6596,-618.0952,-6.4373,13.5809,-59125815.59,-0.0451,-1.3992,-0.24,3.5095,-0.4223,2.2771
600595.SH,*ST中孚,2002年6月26日,2019年5月6日,6158,1,-1.7921,-4.6127,-4.0383,-3.8835,1.7917,-4.6127,-4.1079,24.397,0.8262,1.9431,6.616,6.6174,0.4438,0.4762,0.323,79.0532,0.1763,0.1629,3.774,19.117,-389.3339,-4.4397,-2.9992,-789156250.2,0.025,1.9798,-0.11,2.6465,-0.4531,1.6038
002089.SZ,*ST新海,2006年11月30日,2019年5月6日,4540,1,-1.8442,-5.8724,-5.7393,-5.5276,0.6059,-5.8724,-6.6259,2.7493,1.4837,0.7893,1.1673,6.9973,0.3213,0.7567,0.692,58.7437,1.0481,0.2246,1.4239,40.4842,-261.2222,-8.2531,-14.1866,-277131733,0.0658,3.8643,-0.08,1.266,-0.2016,0.0166
002290.SZ,*ST中科,2009年9月3日,2019年5月6日,3532,1,0.0914,1.3193,0.1656,0.1793,0.7935,1.3193,0.1963,1.4781,5.8408,0.6501,5.8983,3.5119,0.5517,2.0508,1.8001,62.6603,1.2729,0.4368,1.6781,20.8237,-91.5211,0.2318,65.5614,24245693.27,-0.499,-31.2651,0.01,4.9777,0.0999,3.1959
002333.SZ,*ST罗普,2010年1月12日,2019年5月6日,3401,1,-2.3893,-6.8951,-3.9244,-3.6882,-1.7797,-6.8951,-2.648,11.1552,1.304,1.6999,2.0543,5.6386,0.6088,3.9009,2.6678,9.3196,1.7205,0.9152,0.1028,-4.4282,-128.7727,-5.7175,-7.5333,-105133034,-0.2614,-2.4362,-0.0775,2.9272,-0.2092,0.9041
002501.SZ,*ST利源,2010年11月17日,2019年5月6日,3092,1,3.8305,21.0384,17.2579,22.2901,5.7906,21.0384,6.5442,23.4836,0.5173,2.711,2.4953,9.0313,0.222,0.1814,0.1364,47.4955,1.5112,0.0425,0.9046,56.8682,-4.9309,75.0966,25.9399,-179220083.2,0.1772,8.4155,0.44,6.5804,-0.1475,3.5423
002684.SZ,*ST猛狮,2012年6月12日,2019年5月6日,2519,1,-1.9958,-5.6911,-4.3966,-4.385,0.4222,-5.6911,-4.983,1.7124,2.1604,0.8523,6.8826,4.5623,0.4539,0.8872,0.7584,74.8216,0.4483,0.1943,2.9717,699.7315,-324.5458,71.8464,78.8829,392042682.4,-0.1635,-12.2329,-0.24,4.7447,0.691,3.5389
002766.SZ,*ST索菱,2015年6月11日,2019年5月6日,1425,1,5.6645,11.2973,9.9111,11.46,5.9576,11.2973,7.5613,3.1179,3.5168,0.877,3.5523,2.1971,0.5715,2.2236,1.772,43.718,1.7205,0.9652,0.7768,94.3749,96.91,85.0845,80.9551,478543591.7,0.0664,2.9024,0.35,4.4597,1.1347,2.164
600518.SH,ST康美,2001年3月19日,2019年5月21日,6637,1,6.6285,18.2605,15.4649,19.0504,8.4037,18.2605,12.8022,7.1115,4.4033,0.5246,5.3228,1.303,0.4286,2.2056,1.5925,53.2392,1.7205,1.3441,1.1385,66.0083,22.7133,10.02,25.3505,6817661883,0.0504,2.6815,0.784,5.8431,1.3706,2.3347
002220.SZ,ST天宝,2008年2月28日,2019年5月28日,4107,1,2.7015,9.3191,9.1324,10.276,3.9749,9.3191,4.856,1.3517,0.9934,0.584,2.6764,4.7272,0.2958,6.4437,5.8698,46.2543,1.4679,0.4809,0.8606,-8.8396,-26.3014,3.811,7.283,-190907714.6,-0.1227,-5.6749,0.24,5.033,-0.3487,1.8411
603996.SH,ST中新,2015年12月22日,2019年5月29日,1254,1,3.7761,2.6435,2.1944,2.2776,4.7387,2.6435,9.76,4.2867,22.338,1.9573,22.1736,6.27,1.7208,1.2965,0.9254,67.7122,1.1658,0.2529,2.0971,176.4395,24.1686,7.24,49.4596,-174228359,-0.2258,-15.2897,0.49,4.9854,-0.5805,1.8565
002692.SZ,ST远程,2012年8月8日,2019年6月4日,2491,1,2.343,1.0286,2.6954,2.8174,4.1854,1.0286,5.0016,2.1181,5.4245,1.117,3.5824,5.4718,0.8693,1.5276,1.2462,51.8984,1.8099,0.4079,1.0789,3.1636,-27.2466,3.6077,10.8295,67852711.17,-0.0788,-4.088,0.1043,2.0845,0.0945,0.2086
603810.SH,丰山集团,2018年9月17日,2019年7月16日,302,1,10.6203,10.0746,8.4978,9.6942,11.9162,10.0746,19.5906,11.6944,4.9356,2.0302,20.9871,3.7233,1.2498,1.3465,0.8232,51.5628,1.7205,0.5173,1.0645,36.7012,48.7782,22.3577,27.0685,118934033.5,0.3414,17.6016,1.78,9.1035,1.9822,3.7662
601113.SH,ST华鼎,2011年5月9日,2019年10月9日,3075,1,2.2768,4.4531,3.7154,3.8497,2.9318,4.4531,3.3381,8.4344,1.9542,1.0739,3.4022,8.1892,0.6128,1.6475,1.4235,39.9814,1.7205,1.129,0.6661,66.4826,32.1381,1.8891,8.5306,28413695.34,0.0966,3.8633,0.11,3.3691,0.0341,1.79
002716.SZ,ST金贵,2014年1月28日,2019年10月9日,2080,1,2.9646,2.7322,2.279,2.3471,5.3642,2.7322,7.167,5542.3599,9.6324,1.7863,20.0036,2.8114,1.3008,2.0551,0.8886,60.4593,1.3282,0.6196,1.529,162.9913,80.4693,68.4247,22.7675,439354585.1,0.0654,3.9546,0.47,6.2593,0.7776,2.926
603779.SH,ST威龙,2016年5月16日,2019年11月25日,1288,1,3.742,11.2294,7.6409,9.444,6.277,11.2294,4.5674,12.6865,2.2644,0.7748,3.6169,0.5142,0.4897,2.7265,0.9663,26.2489,79.4707,0.6991,0.3559,16.3836,7.9559,77.5915,24.9414,143153382.7,0.1288,3.3812,0.31,6.0508,0.6234,2.9517
600290.SH,ST华仪,2000年11月6日,2019年12月26日,6989,1,0.8787,5.8656,2.9272,3.1934,1.8012,5.8656,1.4353,0.9478,2.4338,0.4018,2.8662,2.6282,0.3002,1.7973,1.6053,43.8952,61.7666,0.5024,0.7824,24.5283,233.3618,1.4562,7.7065,-514955677.2,-0.0349,-1.5316,0.08,5.4851,-0.6777,3.778
600332.SH,白云山,2001年2月6日,2020年1月1日,6903,0,8.8568,9.0827,8.367,9.0809,7.7387,9.0827,15.8681,7.0471,16.0952,1.3088,25.9774,4.9744,1.0585,1.5968,1.2542,55.0452,1.7205,0.7012,1.2245,120.8345,66.7826,14.9081,81.8213,3576077039,0.1841,10.1334,2.116,13.3381,2.1996,6.0679
600312.SH,平高电气,2001年2月21日,2020年1月1日,6888,0,1.2388,3.2326,2.388,2.528,2.1318,3.2326,3.208,1.1142,3.5458,0.6929,7.9712,3.2241,0.5188,1.3197,1.118,58.9912,6.172,0.199,1.4385,85.5094,-60.0493,0.8183,16.8319,816931448.3,0.058,3.4196,0.211,6.5779,0.602,3.5993
600586.SH,金晶科技,2002年8月15日,2020年1月1日,6348,0,0.8735,3.3633,1.6411,1.8226,3.7054,3.3633,1.8549,13.2527,1.0986,1.4534,3.5141,5.14,0.5323,0.7941,0.6399,55.6886,7.9504,0.4769,1.2568,54.1378,-25.6846,0.5518,0.5559,658339574.3,0.1149,6.3977,0.0551,2.8982,0.4514,1.3524
600353.SH,旭光股份,2002年11月20日,2020年1月1日,6251,0,3.5869,6.5891,5.81,6.4498,4.0738,6.5891,5.4903,2.924,3.4075,0.8086,1.9474,3.8206,0.6174,2.5897,2.0767,29.9807,1.7205,1.2217,0.4282,26.8067,38.7075,-4.742,-2.5147,-103773070.3,0.0737,2.2082,0.1055,1.8889,-0.1909,0.2092
600525.SH,长园集团,2002年12月2日,2020年1月1日,6239,0,-0.0725,3.7737,-0.1959,-0.2103,4.1082,3.7737,2.0904,1.821,3.1285,0.813,5.3876,2.8606,0.3698,0.9955,0.8356,69.1888,0.2382,0.2482,2.2456,71.4832,90.6183,-8.67,-2.8912,296345045.6,0.0545,3.7698,0.0855,4.0325,0.2237,1.4043
600537.SH,亿晶光电,2003年1月23日,2020年1月1日,6187,0,1.0333,2.9298,1.9323,2.055,1.3048,2.9298,1.8794,5.4968,1.1644,1.1473,3.018,10.4487,0.5348,1.6569,1.5243,45.3534,1.7205,0.9286,0.8299,-27.8248,40.9488,1.4829,1.2333,-49551023.36,0.1423,6.454,0.06,3.1029,-0.0421,1.0907
600409.SH,三友化工,2003年6月18日,2020年1月1日,6041,0,6.885,11.074,8.4343,9.6553,9.6785,11.074,14.3546,34.8441,1.4008,2.6901,9.7724,7.7748,0.8163,0.871,0.659,53.5102,2.0357,0.5587,1.151,47.3197,-15.5155,10.3732,5.1801,458577055.5,0.1331,7.1217,0.7683,5.3524,0.2221,1.7172
600271.SH,航天信息,2003年7月11日,2020年1月1日,6018,0,13.5356,12.1671,9.9225,11.5619,15.6405,12.1671,14.5567,18.215,25.4915,1.7569,15.0013,21.4389,1.3641,2.922,2.7241,36.5811,1.7205,2.2292,0.5768,24.8249,13.6981,8.4227,10.0612,-412758106.6,0.2535,9.2718,0.8725,5.7313,-0.2216,0.2151
600487.SH,亨通光电,2003年8月22日,2020年1月1日,5976,0,8.1973,9.0005,7.8172,8.8394,9.593,9.0005,20.382,4.9922,6.8394,1.5459,17.7896,5.846,1.0486,1.1547,0.9371,62.8709,1.61,0.3131,1.6933,149.6872,18.6194,18.24,27.4445,410700760.2,0.0811,5.0966,1.33,6.5245,0.2157,1.6788
600184.SH,光电股份,2003年11月6日,2020年1月1日,5900,0,1.5685,2.4773,2.3883,2.5641,1.6307,2.4773,2.4962,4.2937,4.2607,0.9728,4.7612,5.0258,0.6567,1.918,1.597,34.6608,1.7205,0.9188,0.5305,-11.8167,30.3998,1.9081,-7.0712,-142508470.4,0.0714,2.4741,0.11,4.5634,-0.2801,2.663
600990.SH,四创电子,2004年5月10日,2020年1月1日,5714,0,3.7662,5.4993,4.9888,5.4331,4.3814,5.4993,10.7667,3.3245,7.5968,1.1385,32.959,4.0785,0.7549,1.0825,0.8122,67.6212,7.2121,0.3476,2.0884,110.0118,27.3981,11.0709,15.4357,-111608394.3,0.0263,1.7774,1.62,15.0129,-0.7011,5.7236
002001.SZ,新和成,2004年6月25日,2020年1月1日,5668,0,15.4467,41.8052,35.6824,66.2617,16.7349,41.8052,19.0403,5.1152,1.7369,0.773,4.0413,2.6987,0.4329,2.3378,2.0213,26.0766,46.9399,0.658,0.3528,127.1624,80.7933,15.8593,20.6353,-4826465404,0.6399,16.6872,1.43,7.5258,-2.2463,2.1073
002025.SZ,航天电器,2004年7月26日,2020年1月1日,5637,0,8.8637,15.202,14.2517,19.1206,9.1236,15.202,13.3387,2.1132,5.4282,0.7493,6.6063,5.1348,0.6219,2.7779,2.5175,32.5239,1.7205,1.4366,0.482,51.2775,16.9271,13.4492,7.5065,-94352640.2,0.0793,2.5777,0.84,6.2728,-0.2199,1.124
002045.SZ,国光电器,2005年5月23日,2020年1月1日,5336,0,-4.9183,-6.682,-5.4578,-5.6743,-4.5772,-6.682,-13.2274,3.577,5.8754,1.8096,8.6295,6.259,0.9011,1.0541,0.817,64.3403,0.9446,0.1828,1.8043,81.1375,-272.3931,15.0732,15.3913,263550374,0.0451,2.8988,-0.49,3.5358,0.5627,1.7695
002055.SZ,得润电子,2006年7月25日,2020年1月1日,4908,0,2.4908,3.3843,3.2998,3.3957,4.0905,3.3843,9.68,3.9925,6.5982,1.1051,15.5393,3.6862,0.7548,1.1086,0.8111,69.6343,0.5038,0.3352,2.2932,145.3795,66.2483,12.7796,6.0038,-696879985.9,-0.0354,-2.4632,0.5501,5.6214,-1.4528,2.6983
002076.SZ,雪莱特,2006年10月25日,2020年1月1日,4816,0,-45.7952,-150.7379,-153.7733,-137.8418,-50.4873,-150.7379,-170.0766,1.1879,2.1331,0.46,0.7277,0.9459,0.2978,0.9205,0.5795,71.9433,0.7932,0.1581,2.5642,-29.3841,-2573.2352,-53.7105,-28.1183,-91756010.93,-0.0053,-0.3791,-1.09,0.6304,-0.118,0.4601
002087.SZ,新野纺织,2006年11月30日,2020年1月1日,4780,0,4.1196,6.9478,6.4171,7.0893,7.0005,6.9478,9.897,8.9439,2.0703,1.1133,7.4191,2.0013,0.642,1.2439,0.6355,59.2131,0.8424,0.2043,1.4518,98.8995,32.6793,20.1013,7.0463,-208298152.7,0.026,1.542,0.4731,4.7807,-0.255,1.6483
002096.SZ,南岭民爆,2006年12月22日,2020年1月1日,4758,0,0.6141,1.4452,1.0763,1.1283,2.0387,1.4452,1.1411,3.6468,2.2172,1.1252,5.8549,7.4055,0.5705,1.2329,1.0988,45.4489,2.7804,0.3865,0.8331,-1.1231,-8.5306,-0.8923,-4.3924,-136997360.6,-0.0469,-2.1319,0.06,5.3622,-0.369,1.4954
002144.SZ,宏达高科,2007年8月3日,2020年1月1日,4534,0,4.6996,15.9601,14.6069,17.5132,5.2252,15.9601,5.4562,4.0998,2.2365,1.0914,3.612,6.4603,0.3217,2.6461,2.2491,14.1832,1.7205,0.5455,0.1653,21.2316,-1.6441,-1.346,-4.0521,-11500447.23,0.1316,1.8665,0.51,9.4197,-0.0651,3.9511
002157.SZ,正邦科技,2007年8月17日,2020年1月1日,4520,0,1.015,1.1659,0.8707,0.8915,2.3666,1.1659,2.9856,49.9189,2.7816,3.4747,9.3546,5.2499,1.1656,0.7147,0.2817,68.0223,0.8362,0.1629,2.1272,34.7017,-65.4008,2.5784,28.3459,-170296560.6,0.0917,6.2401,0.08,2.7407,-0.072,0.8482
002158.SZ,汉钟精机,2007年8月17日,2020年1月1日,4520,0,6.3718,13.6257,11.7089,14.6254,7.5923,13.6257,10.9549,5.1199,2.2828,0.7742,3.2351,3.3121,0.5442,2.1149,1.773,42.6741,16.7234,0.691,0.7444,94.7675,-9.4073,4.4764,4.5416,-92194258.7,0.0695,2.9646,0.3821,3.4557,-0.1722,0.7979
002179.SZ,中航光电,2007年11月1日,2020年1月1日,4444,0,8.6594,14.0708,12.916,16.7052,8.6589,14.0708,15.7733,2.3705,5.5929,0.8378,9.8819,3.1921,0.6704,1.9505,1.5967,50.5437,1.7205,0.9041,1.022,65.4115,16.5225,23.665,32.4601,1046283166,0.0034,0.1704,1.2165,7.3093,1.3228,1.2653
002202.SZ,金风科技,2007年12月26日,2020年1月1日,4389,0,4.2589,12.9424,11.4254,12.87,5.5692,12.9424,12.8864,1.9267,1.5173,0.8706,8.079,4.6855,0.3728,1.0417,0.8836,67.4609,1.0246,0.2259,2.0732,-4.4291,4.249,10.0258,11.7825,-1734166773,0.0569,3.8412,0.8844,6.4585,-0.4876,2.2968
002223.SZ,鱼跃医疗,2008年4月18日,2020年1月1日,4275,0,11.0913,18.5542,17.9492,22.9579,12.1509,18.5542,13.2979,5.2359,7.1334,1.0446,4.1731,3.9106,0.6179,3.4391,2.8621,19.7751,1.7205,1.8143,0.2465,98.8552,19.655,4.3356,4.2662,-392237130.5,0.584,11.5482,0.73,5.4547,-0.3913,1.779
002231.SZ,奥维通信,2008年5月12日,2020年1月1日,4251,0,-15.0138,-49.8571,-53.6752,-50.4256,-16.2227,-49.8571,-24.1175,0.8634,5.5313,0.3046,0.6937,0.808,0.2797,3.2577,1.8991,28.8419,1.7205,0.7273,0.4053,-36.4988,-1490.3145,-19.8494,-22.246,-37663889.96,0.2486,7.1711,-0.3724,1.544,-0.1056,0.4657
002240.SZ,威华股份,2008年5月23日,2020年1月1日,4240,0,4.6335,6.0105,6.0774,6.4056,5.5245,6.0105,7.402,22.9577,1.8593,1.6727,4.7142,2.7554,0.7624,1.4118,0.5952,38.7437,4.0263,0.2807,0.6325,75.2758,724.0525,6.0318,23.9018,-147150962,-0.001,-0.0389,0.3,4.0381,-0.2749,2.8242
002246.SZ,北化股份,2008年6月5日,2020年1月1日,4227,0,3.5022,5.9112,5.2614,5.9018,3.8365,5.9112,5.1362,4.6308,2.526,1.0782,4.3046,4.0351,0.6656,2.4217,1.9517,27.3176,1.7205,0.6557,0.3758,57.0483,13.8263,6.9654,3.9991,-476388703.9,0.135,3.6881,0.23,4.3858,-0.8677,1.8134
601727.SH,上海电气,2008年12月5日,2020年1月1日,4044,0,2.6222,5.9758,5.4159,6.0025,3.2468,5.9758,5.2653,4.3279,7.1626,0.6833,6.8697,2.569,0.4842,1.2684,1.0349,66.3024,1.7205,0.4379,1.9676,29.6734,9.4365,3.1567,9.6195,9373073000,0.0066,0.4344,0.2049,3.8906,0.6365,1.1244
002287.SZ,奇正藏药,2009年8月28日,2020年1月1日,3778,0,13.7738,29.1826,26.1654,37.0695,15.49,29.1826,15.7083,33.5277,4.4572,0.7962,2.9882,2.6566,0.5264,7.3605,7.0626,11.5679,1.7205,4.6064,0.1308,21.9639,5.542,8.1145,0.7056,141385750.3,1.8666,21.593,0.7851,4.9982,0.3482,1.0122
002291.SZ,星期六,2009年9月3日,2020年1月1日,3772,0,0.5535,1.6227,1.1304,1.1812,2.7137,1.6227,0.597,1.9961,13.2915,0.6245,3.8396,0.5029,0.4896,1.8386,0.7652,50.6529,2.9514,0.1177,1.0265,-6.7256,104.99,0.6113,-3.4851,-72212554.28,0.1221,6.1872,0.02,3.7512,-0.181,2.3804
002292.SZ,奥飞娱乐,2009年9月10日,2020年1月1日,3765,0,-22.4799,-62.4112,-59.5713,-57.3779,-24.9191,-62.4112,-41.5916,4.6052,9.2477,1.0339,2.0925,1.9126,0.3774,1.0478,0.6989,40.1785,1.1317,0.3227,0.6716,9.6795,-2567.6693,-17.861,-20.052,66594780.61,0.0273,1.096,-1.2,2.888,0.0491,1.5457
002308.SZ,威创股份,2009年11月27日,2020年1月1日,3687,0,3.8728,17.1117,14.517,18.1905,4.6379,17.1117,4.4504,4.6791,2.8667,0.6398,1.2847,2.5583,0.2668,3.2183,2.8445,19.6367,1.7205,2.154,0.2443,24.7951,-11.2556,3.2371,3.637,-21886508.55,0.1806,3.5457,0.17,3.9109,-0.024,1.623
002326.SZ,永太科技,2009年12月22日,2020年1月1日,3662,0,6.8889,15.2941,13.0785,14.379,9.1566,15.2941,14.6818,4.802,1.9955,1.3556,4.0182,3.6983,0.5267,0.8371,0.6245,52.4331,0.9791,0.2986,1.1023,113.6995,130.3049,12.496,13.3783,-40286898.5,0.2065,10.8249,0.54,3.6681,-0.0491,1.187
002338.SZ,奥普光电,2010年1月15日,2020年1月1日,3638,0,4.5216,12.2589,11.4493,14.2702,4.6621,12.2589,4.9951,2.7095,2.0834,0.5671,1.6032,0.9753,0.3949,12.2513,7.8025,9.9236,1.7205,3.2656,0.1102,11.6148,-14.4372,4.298,2.924,-30203437.16,0.0778,0.7723,0.17,3.4034,-0.1258,1.062
002350.SZ,北京科锐,2010年2月3日,2020年1月1日,3619,0,3.2936,4.8047,4.1893,4.6253,3.7311,4.8047,5.8596,2.2511,5.2189,1.106,5.0984,3.6007,0.7862,1.6746,1.2958,48.8215,1.7205,0.4143,0.9539,74.4322,31.0841,43.439,22.3358,244758311.8,-0.0131,-0.6417,0.2138,3.4901,0.4893,1.6499
002358.SZ,森源电气,2010年2月10日,2020年1月1日,3612,0,3.1076,11.7557,10.2652,12.9622,4.5209,11.7557,5.5801,0.8193,2.6433,0.4013,2.9048,2.6777,0.3027,1.5846,1.4248,45.7242,2.5729,0.2398,0.8424,59.8147,-37.022,3.0907,8.7032,-1124906960,-0.1935,-8.848,0.3,5.4221,-1.2099,2.5711
300064.SZ,豫金刚石,2010年3月26日,2020年1月1日,3568,0,0.9885,6.3618,7.4471,9.0351,2.2528,6.3618,1.3888,1.6138,0.6132,0.242,1.0288,2.3034,0.1327,2.038,1.8514,27.4993,8.7023,0.358,0.3793,62.4949,-58.3976,1.0345,5.5108,-636652734.5,-0.1757,-4.8322,0.0799,5.7545,-0.5281,3.9423
002388.SZ,新亚制程,2010年4月13日,2020年1月1日,3550,0,1.1628,3.3139,2.6096,2.7901,2.2604,3.3139,2.8065,3.0266,4.9769,0.5563,1.6628,4.2037,0.4456,2.2417,1.9122,35.2522,1.7205,0.7567,0.5445,47.0991,-56.0715,-5.9653,-7.3869,-165562289.4,-0.3224,-11.3639,0.0638,2.275,-0.3286,0.9437
300068.SZ,南都电源,2010年4月21日,2020年1月1日,3542,0,1.0335,1.2171,1.5109,1.5576,1.8738,1.2171,3.9188,4.1571,3.5582,1.1967,9.1887,2.3009,0.684,1.3076,0.6764,51.4693,1.7006,0.1842,1.0606,56.4707,-70.8928,1.721,16.3982,-376013731.5,0.038,1.9561,0.28,7.038,-0.4285,4.4979
002392.SZ,北京利尔,2010年4月23日,2020年1月1日,3540,0,6.3696,13.3846,10.4393,12.745,8.4249,13.3846,9.6832,2.9349,7.1459,0.8122,2.6854,2.9331,0.6102,2.2372,1.8192,33.4142,1.7205,1.0129,0.5018,81.1099,101.3954,9.2473,-2.5168,141100353.2,-0.0233,-0.7781,0.2798,2.8894,0.1185,0.8296
002403.SZ,爱仕达,2010年5月11日,2020年1月1日,3522,0,2.9606,4.625,4.0894,4.5785,4.0296,4.625,6.6958,4.5924,4.6786,1.3637,9.2993,2.6703,0.724,1.542,1.0225,51.8268,3.0697,0.3629,1.0758,45.3032,-17.7079,0.5398,7.587,-4401408.43,0.0582,3.0188,0.42,6.3392,-0.0126,3.5551
300088.SZ,长信科技,2010年5月26日,2020年1月1日,3507,0,8.6336,8.7289,7.5485,8.4408,10.4509,8.7289,14.6607,6.6006,3.3324,2.6731,4.1824,14.8678,1.1437,1.0893,0.9574,47.4267,4.2451,0.481,0.9021,141.156,32.4483,11.4127,24.5209,625722206.8,0.1704,8.0805,0.31,2.1126,0.2722,0.1112
002426.SZ,胜利精密,2010年6月8日,2020年1月1日,3494,0,-3.9757,-5.2244,-4.226,-4.3833,-2.3268,-5.2244,-9.0927,4.7724,4.2762,1.6741,5.053,6.9907,0.9408,1.0377,0.7655,55.9095,1.2532,0.1514,1.2681,196.7274,-258.9558,-9.2747,-0.087,-2432085666,0.0284,1.5906,-0.2102,2.3095,-0.7067,1.1227
002429.SZ,兆驰股份,2010年6月10日,2020年1月1日,3492,0,2.3601,3.7661,3.236,3.3869,2.2178,3.7661,5.1089,4.4148,11.0003,0.9774,2.8425,7.278,0.7293,1.73,1.5513,53.4801,12.8556,0.6626,1.1496,111.0897,-31.1347,5.8258,12.3155,-1090329953,0.0899,4.8068,0.0984,1.9258,-0.2409,0.0374
002438.SZ,江苏神通,2010年6月23日,2020年1月1日,3479,0,3.3324,8.9222,9.5032,11.1087,4.0002,8.9222,5.7308,2.1759,1.8011,0.5536,2.2386,1.1041,0.3507,1.5293,0.9711,45.2949,8.7331,0.2761,0.828,154.3643,65.6168,6.5186,13.4375,18342794.61,0.0966,4.3742,0.2142,3.7122,0.0378,1.6756
300089.SZ,文化长城,2010年6月25日,2020年1月1日,3477,0,6.1177,20.9226,18.6149,25.5597,6.7879,20.9226,8.5561,4.3254,4.3137,0.916,2.4399,3.8878,0.3286,1.0434,0.9159,44.5703,0.5139,0.2794,0.8041,163.801,197.7792,31.4681,62.5813,-118513083.8,0.0783,3.4911,0.43,4.977,-0.2464,2.8033
300101.SZ,振芯科技,2010年8月6日,2020年1月1日,3435,0,1.423,4.4039,4.5282,5.5082,1.8278,4.4039,1.7372,1.2589,5.8366,0.436,0.793,1.0562,0.3143,3.9843,3.1726,28.7614,1.7205,1.7547,0.4037,-17.1143,-52.1274,7.5779,21.0223,196773345,0.1956,5.6258,0.0291,1.6641,0.3518,0.2191
300111.SZ,向日葵,2010年8月27日,2020年1月1日,3414,0,-56.1516,-115.6844,-177.3309,-137.0897,-76.0155,-115.6844,-580.1426,1.9497,0.7001,0.6674,0.587,5.3984,0.3166,1.1332,1.0774,87.8352,0.366,0.3272,7.2205,-63.9646,-5490.6475,-84.9626,-45.9737,76021229.96,0.0505,4.4343,-1.02,0.1765,0.0679,0.2181
002465.SZ,海格通信,2010年8月31日,2020年1月1日,3410,0,3.8242,10.6199,10.9738,14.6385,4.2106,10.6199,5.1064,1.6927,3.1921,0.5469,1.7642,1.4745,0.3485,3.6014,2.8448,23.2091,1.7205,0.7719,0.3022,6.9148,30.9394,3.4009,-2.6372,-273757081.7,0.2352,5.459,0.1865,3.6519,-0.1187,1.6697
300116.SZ,坚瑞沃能,2010年9月2日,2020年1月1日,3408,0,-16.7427,-87.2563,-98.6941,-63.5417,-16.225,-87.2563,-1560.7404,0.4608,1.4417,0.2304,1.6433,1.0092,0.1696,0.8633,0.7183,98.8606,-0.0111,0.065,86.7639,587.6133,-5.6451,-93.9216,-40.3912,-338912613.7,0.0167,1.6467,-1.61,0.1034,-0.1393,2.0355
300121.SZ,阳谷华泰,2010年9月17日,2020年1月1日,3393,0,19.7212,22.0625,17.6399,23.1851,22.3679,22.0625,21.5252,4.3459,4.418,1.7757,5.5499,7.9469,1.118,3.5302,2.9831,18.7857,1.7205,1.3715,0.2313,142.0768,80.4295,99.3932,29.3886,320315911.7,1.1177,20.9966,1.01,4.5481,0.8539,1.7351
002491.SZ,通鼎互联,2010年10月21日,2020年1月1日,3359,0,5.947,14.4573,12.7392,15.0924,7.5233,14.4573,11.0123,2.4659,2.9389,0.9057,3.5237,2.6933,0.4668,1.2336,0.9486,50.1542,1.5144,0.4278,1.0062,42.374,-8.3808,11.9567,19.6914,31130836.24,0.0235,1.1789,0.4475,4.0635,0.0247,1.0638
002495.SZ,佳隆股份,2010年11月2日,2020年1月1日,3347,0,2.8012,13.6961,11.034,13.9422,3.1296,13.6961,3.0301,46.6092,0.5957,1.1082,0.3409,4.6485,0.2539,3.3125,2.8339,9.821,1.7205,2.4073,0.1089,-4.4872,64.347,2.2752,5.1545,-14989811.1,0.6355,6.2417,0.0376,1.2414,-0.016,0.0587
300137.SZ,先河环保,2010年11月5日,2020年1月1日,3344,0,11.6396,22.5745,19.447,27.0049,12.4451,22.5745,14.3473,3.0854,5.5636,0.8137,2.4937,1.5344,0.5985,3.0724,2.2869,24.6569,1.7205,0.9518,0.3273,118.7566,33.9085,12.8482,16.4817,-241728.14,-0.1186,-2.925,0.47,3.2815,-4.00E-04,0.855
300142.SZ,沃森生物,2010年11月12日,2020年1月1日,3337,0,16.2082,141.6628,120.8916,159.0777,16.5861,141.6628,22.8727,2.3929,1.0904,0.2753,0.5718,0.7712,0.1341,2.695,2.5411,27.3768,1.7205,1.6177,0.377,-12.6222,290.3636,51.0934,23.163,1267208760,-0.0329,-0.9013,0.6805,2.9751,0.8242,1.6685
002516.SZ,旷达科技,2010年12月7日,2020年1月1日,3312,0,4.8932,16.4711,12.8273,15.659,6.5227,16.4711,6.1191,2.8526,1.1183,0.6821,1.1759,5.8659,0.3815,4.5814,4.167,11.8335,1.7205,1.1049,0.1342,-5.0433,-39.9408,-6.6364,-11.8931,-488544923.9,0.4449,5.2651,0.1544,2.5233,-0.3252,0.7594
300154.SZ,瑞凌股份,2010年12月29日,2020年1月1日,3290,0,5.5171,21.5262,18.0259,24.8471,5.1902,21.5262,6.6576,13.0565,6.9068,0.3334,1.2665,3.4399,0.3061,6.2762,5.8663,15.6527,1.7205,4.8863,0.1856,4.5072,26.6266,3.1326,2.1676,-291861630.9,0.1109,1.7365,0.24,3.5293,-0.64,1.6124
002532.SZ,新界泵业,2010年12月31日,2020年1月1日,3288,0,6.6453,10.3294,8.7882,10.3793,8.1047,10.3294,9.4823,11.2704,2.1994,1.8821,2.9791,3.2582,0.7562,1.4251,0.7966,28.1878,1.7205,0.4659,0.3925,30.7301,-1.2904,-2.4799,-0.1844,-8183699.04,0.2728,7.6906,0.26,2.7427,-0.0163,0.2658
300156.SZ,神雾环保,2011年1月7日,2020年1月1日,3281,0,-23.3932,-2593.8887,-2914.6029,-463.4948,-22.8326,-2593.8887,-116.1568,0.03,0.379,0.0089,0.0507,0.0116,0.008,1.2532,0.9081,77.2268,0.6531,0.0026,3.3911,-95.7805,-521.3733,-53.7373,-20.7334,-359164905,-0.0874,-6.753,-1.48,1.2733,-0.3556,0.3476
300158.SZ,振东制药,2011年1月7日,2020年1月1日,3281,0,-2.0306,-2.4537,-4.4017,-4.6186,-0.8431,-2.4537,-2.7525,2.3735,3.3099,1.0292,3.3282,2.2345,0.4613,2.2256,1.8279,25.6515,1.7205,0.6721,0.345,51.1764,-151.8205,-3.3286,-5.2662,83875520.6,0.0835,2.1418,-0.1424,5.2134,0.0816,3.6616
300161.SZ,华中数控,2011年1月13日,2020年1月1日,3275,0,0.4441,0.7545,1.3007,1.3646,1.0592,0.7545,1.4395,1.4732,2.5477,0.476,4.7439,1.2253,0.3415,1.8673,1.384,43.638,1.7205,0.6633,0.7742,48.8145,-70.4525,1.1546,6.3809,98966275.43,0.1239,5.4068,0.0966,6.7084,0.5728,4.4258
002551.SZ,尚荣医疗,2011年2月25日,2020年1月1日,3232,0,3.2018,7.5339,8.2625,9.7371,3.8728,7.5339,4.2104,1.5323,6.5754,0.7343,2.3097,3.9927,0.3875,1.6622,1.4529,32.3289,1.7205,0.3805,0.4777,-2.1537,-28.7879,3.0794,-4.775,-297569090.9,0.0318,1.0285,0.1467,3.2875,-0.4215,1.2795
300210.SZ,森远股份,2011年4月26日,2020年1月1日,3172,0,-4.1831,-28.9248,-25.7979,-26.2755,-3.6806,-28.9248,-8.1127,0.8376,1.2513,0.2895,0.771,0.6733,0.1622,1.3161,0.8998,46.4719,2.2806,0.3056,0.8682,-7.6919,-270.0976,-7.9348,-5.0256,-196474230.5,-0.0602,-2.7997,-0.2,2.461,-0.4058,0.3997
002605.SZ,姚记科技,2011年8月5日,2020年1月1日,3071,0,8.3716,23.5331,20.4557,29.0431,8.5486,23.5331,7.2122,11.4349,3.2633,1.3141,2.3725,2.4532,0.4093,0.8184,0.5928,29.2608,6.0157,0.3615,0.4136,16.1751,139.0922,12.4404,36.6001,5873375.41,0.3125,9.1452,0.3266,4.5215,0.0148,1.6827
002610.SZ,爱康科技,2011年8月15日,2020年1月1日,3061,0,0.8859,3.6282,2.8482,2.8814,4.4219,3.6282,2.1364,2.6285,0.8382,0.7771,1.0786,14.8725,0.311,1.1584,1.1083,57.7237,2.1858,0.3937,1.3654,50.6012,23.3716,2.66,-17.7144,-37748479.81,0.107,6.1788,0.028,1.3067,-0.0084,0.1901
300261.SZ,雅本化学,2011年9月6日,2020年1月1日,3039,0,5.4095,12.3464,10.214,12.4704,6.5724,12.3464,8.0857,4.0379,1.8591,1.0836,1.8744,4.3156,0.5296,1.2188,0.9913,42.8173,3.738,0.4505,0.7488,187.9129,147.9596,3.9692,14.1394,-498946918,0.1978,8.4704,0.1667,2.0622,-0.518,0.7077
002592.SZ,八菱科技,2011年11月11日,2020年1月1日,2973,0,0.2899,2.0416,1.015,1.0314,0.3662,2.0416,0.3909,8.1607,1.0985,0.7587,2.5062,5.8484,0.2856,1.7673,1.5555,22.3607,1.7205,1.2592,0.288,9.4223,-94.663,-12.8863,-6.9004,445571819.4,0.1755,3.9235,0.03,6.5677,1.5726,4.2234
300279.SZ,和晶科技,2011年12月29日,2020年1月1日,2925,0,-29.2934,-65.8081,-65.6847,-67.7207,-31.9723,-65.8081,-75.6012,3.0384,3.426,0.9518,2.8332,2.8729,0.446,0.7726,0.5269,63.8784,1.0849,0.3162,1.7684,61.5384,-1045.2192,-43.8556,-24.3461,-2797083.36,0.0598,3.8216,-1.5861,2.098,-0.0062,2.2281
300282.SZ,三盛教育,2011年12月29日,2020年1月1日,2925,0,4.2421,16.5558,14.7681,18.7532,4.2566,16.5558,4.5955,3.189,11.2605,0.6015,3.1762,8.4695,0.2872,4.1102,3.8862,14.3949,1.7205,1.7835,0.1682,-51.5463,255.2872,4.7239,11.7053,97500640.29,-0.1566,-2.2544,0.46,9.9241,0.3907,8.0678
002658.SZ,雪迪龙,2012年3月9日,2020年1月1日,2854,0,7.0552,16.1414,13.9663,17.6635,7.1904,16.1414,8.4375,2.7362,8.3962,0.6125,2.1306,2.0277,0.5052,8.1532,6.8541,26.5911,1.7205,4.5839,0.3622,28.5765,-15.4696,12.3388,32.0707,133046132.2,0.1796,4.7765,0.3,3.3286,0.22,0.4046
002671.SZ,龙泉股份,2012年4月26日,2020年1月1日,2806,0,-2.8049,-11.5277,-9.7974,-10.378,-2.234,-11.5277,-4.7236,0.8928,0.9874,0.5383,2.1422,1.5595,0.2863,1.3868,1.0857,40.413,4.2845,0.1769,0.6782,105.7939,-311.7443,-4.8727,-7.9351,-44450450.34,0.0989,3.9957,-0.2,4.2397,-0.0941,2.4882
300346.SZ,南大光电,2012年8月7日,2020年1月1日,2703,0,3.9359,26.8906,24.3139,33.8503,3.8428,26.8906,4.3183,2.7139,1.0264,0.2299,0.8344,1.0597,0.1619,14.3113,12.679,17.5146,1.7205,4.2213,0.2123,89.5577,54.9909,-2.1652,9.5349,112524305.7,0.503,8.8096,0.1876,4.3392,0.4115,2.004
603399.SH,吉翔股份,2012年8月24日,2020年1月1日,2686,0,4.4333,0.9396,5.0819,5.3622,7.8735,0.9396,8.0233,5.0563,10.5182,1.2654,6.8228,2.2831,0.8724,1.847,1.1825,41.9524,3.3835,0.3596,0.7227,131.0818,-11.7391,13.0631,-7.1344,91276533.1,0.0675,2.8328,0.35,4.3464,0.1669,3.2
000333.SZ,美的集团,2013年9月18日,2020年1月1日,2296,0,8.4604,9.764,8.3378,9.5377,9.223,9.764,24.3533,14.0668,11.6266,1.4855,38.971,6.3688,1.0231,1.4028,1.1752,64.9397,2.4565,0.3106,1.8522,87.5632,16.3301,12.6593,6.2853,-3879371000,0.1627,10.5654,3.08,12.4676,-0.5822,2.7692
603606.SH,东方电缆,2014年10月15日,2020年1月1日,1904,0,5.3834,6.5363,5.6687,6.313,6.784,6.5363,9.9087,4.4846,7.1556,1.2009,6.0105,4.0502,0.9497,1.6603,1.3277,49.1882,1.7205,0.7719,0.968,66.0208,241.5462,9.4285,15.4513,303350440,0.2957,14.5431,0.34,3.4386,0.6029,1.2346
002724.SZ,海洋王,2014年11月4日,2020年1月1日,1884,0,8.9324,17.7283,15.1573,19.3907,9.9864,17.7283,10.0044,3.5145,2.9863,0.7806,1.7406,2.5477,0.5893,5.6964,5.176,13.3463,1.7205,3.7798,0.154,39.8072,25.0015,7.645,6.2629,-59288943.29,0.4123,5.5026,0.2638,2.637,-0.0823,0.0784
603166.SH,福达股份,2014年11月27日,2020年1月1日,1861,0,3.5227,8.3662,7.9811,9.0161,4.5686,8.3662,5.3232,3.8928,0.9271,1.1239,2.3503,2.8128,0.4414,1.3695,0.9172,34.2796,6.0536,0.4914,0.5216,50.5376,-17.6163,-0.1253,1.3969,13610249.09,0.286,9.8036,0.19,3.5238,0.0228,1.7721
300409.SZ,道氏技术,2014年12月3日,2020年1月1日,1855,0,8.6551,12.5984,10.8676,13.1754,10.4839,12.5984,9.4537,7.3688,5.109,1.2236,7.9031,2.168,0.7964,1.5811,0.9155,55.1782,1.8887,0.6158,1.2311,540.2031,83.4986,77.2666,39.7563,205778658,0.2071,11.4269,0.56,4.9617,0.4589,2.571
300411.SZ,金盾股份,2014年12月31日,2020年1月1日,1827,0,-59.2716,-302.4747,-316.3742,-352.3842,-83.591,-302.4747,-107.6905,0.7743,2.3786,0.3623,1.1667,2.0145,0.1873,4.2998,3.8259,21.118,1.7205,0.6408,0.2677,64.928,-2576.0964,-52.0379,-45.3242,-114829674.6,-0.4495,-9.492,-3.7,3.4404,-0.2421,5.5728
300417.SZ,南华仪器,2015年1月23日,2020年1月1日,1804,0,6.1237,20.901,18.2715,23.4097,6.5757,20.901,6.9308,5.0015,1.9414,0.5293,1.8701,1.1651,0.3352,4.3455,3.219,14.0453,1.7205,0.9895,0.1634,-9.6915,-25.1211,-0.5068,5.7454,27661970.41,0.3765,5.2882,0.3417,4.9302,0.339,1.4698
300427.SZ,红相股份,2015年2月17日,2020年1月1日,1779,0,7.5978,22.9868,19.8363,28.2138,8.8193,22.9868,11.0481,1.4872,6.0039,0.7509,3.7196,3.5992,0.383,1.5747,1.372,38.7411,1.8893,0.3235,0.6324,329.6392,88.7705,10.8779,14.4669,-251579056.2,0.0263,1.0194,0.65,5.8889,-0.7135,3.0691
603519.SH,立霸股份,2015年3月19日,2020年1月1日,1749,0,9.6597,8.0876,7.1304,8.0671,10.8033,8.0876,12.8213,4.7435,14.3233,1.5504,5.7794,6.9993,1.3547,3.5743,2.9641,24.674,1.7205,1.1163,0.3276,63.0376,9.5539,-1.3687,0.0398,-23448827.34,0.3058,7.5462,0.411,3.2142,-0.1057,0.4033
603818.SH,曲美家居,2015年4月22日,2020年1月1日,1715,0,-1.2091,-1.5281,-1.9633,-2.0221,1.034,-1.5281,-4.3763,11.1478,2.667,2.0856,5.8851,4.0627,0.6159,1.5353,0.8962,77.7314,-0.7085,0.3313,3.4906,130.3241,-123.1226,-15.1476,246.3962,-629137108.3,0.0551,4.2863,-0.12,2.7468,-1.2804,0.7604
300457.SZ,赢合科技,2015年5月14日,2020年1月1日,1693,0,7.9695,18.05,15.8336,20.8676,7.9122,18.05,10.9451,2.0344,4.683,0.7262,5.5482,2.6142,0.5033,1.7809,1.4908,41.5528,1.7205,0.4957,0.7109,471.5913,46.4747,136.5529,63.1812,314801673.6,0.0367,1.5241,0.92,7.8811,0.8368,4.9242
002757.SZ,南兴股份,2015年5月27日,2020年1月1日,1680,0,10.7654,16.7909,14.5306,18.1828,9.8227,16.7909,9.8872,9.6723,2.6727,1.5864,8.5695,3.4848,0.7409,3.3236,2.4642,15.126,1.7205,1.0838,0.1782,142.4339,51.2133,89.33,78.8913,6917162.7,0.5523,8.3544,1.3464,12.5941,0.0526,7.6538
603198.SH,迎驾贡酒,2015年5月28日,2020年1月1日,1679,0,12.6599,29.9762,22.3377,39.5913,15.8608,29.9762,17.9515,56.1717,2.5962,0.7999,4.361,0.6074,0.5668,2.2489,1.0545,32.3263,1.7205,0.4807,0.4777,19.2017,16.8272,5.3093,9.0174,65332015.36,0.4296,13.8878,0.97,5.4222,0.0817,1.5788
002763.SZ,汇洁股份,2015年6月10日,2020年1月1日,1666,0,8.4756,11.604,8.3251,9.7868,10.9182,11.604,9.1608,12.9321,4.7983,1.495,6.0565,1.1985,1.0181,3.2971,1.8204,23.3301,1.7205,1.3149,0.3043,24.7534,-18.3024,2.7866,10.3199,38390838.38,0.2292,5.3473,0.43,4.6513,0.0987,1.6186
300478.SZ,杭州高新,2015年6月10日,2020年1月1日,1666,0,1.6634,2.0469,2.4167,2.5214,3.8489,2.0469,3.7925,4.1584,5.3662,1.216,6.7354,5.992,0.6883,1.6027,1.3757,47.1567,4.4156,0.7845,0.8924,57.3265,-51.2931,2.0427,-18.75,239704782.3,-0.0969,-4.5713,0.17,4.4087,1.8923,1.4221
300472.SZ,新元科技,2015年6月11日,2020年1月1日,1665,0,4.5563,4.5603,13.3804,16.6837,6.0885,4.5603,6.1715,1.4675,2.9411,0.7593,4.0418,2.0415,0.3405,1.7649,1.3203,26.7715,5.4148,0.305,0.3656,150.0204,212.5673,37.3099,-1.694,1492830.51,0.1462,3.9141,0.55,8.5617,0.0113,5.9577
300476.SZ,胜宏科技,2015年6月11日,2020年1月1日,1665,0,8.0192,14.9692,11.5163,14.6449,7.8242,14.9692,12.786,3.1517,1.9841,1.2682,4.2925,6.5059,0.6963,1.0778,0.914,44.8741,1.7205,0.3738,0.814,157.1904,35.013,10.3184,31.945,140941632.7,0.2051,9.2018,0.49,3.8662,0.1831,1.6271
002767.SZ,先锋电子,2015年6月12日,2020年1月1日,1664,0,3.1279,9.7288,8.9337,10.0352,3.0835,9.7288,3.6122,1.3886,20.8419,0.3987,1.9268,3.8613,0.3501,5.9019,5.519,14.437,1.7205,0.4244,0.1687,-0.7298,-43.749,2.8381,2.4355,10956643.47,0.1052,1.5183,0.17,4.7655,0.073,1.915
002778.SZ,高科石化,2016年1月6日,2020年1月1日,1456,0,2.4045,2.9132,2.6318,2.8191,3.2506,2.9132,2.8751,4.9615,5.1311,1.4211,7.7312,3.9912,0.9136,3.3684,2.2791,18.5169,10.1553,0.8999,0.2272,19.3938,-40.885,1.9222,5.4132,-49024121.16,-0.0197,-0.3655,0.2,7.0769,-0.5502,2.4056
002793.SZ,东音股份,2016年4月15日,2020年1月1日,1356,0,9.6795,13.6517,11.9029,14.5927,9.2644,13.6517,12.2373,6.3374,4.6614,1.4454,4.6772,3.7143,0.8132,3.3057,2.5241,35.0885,133.6003,1.308,0.5406,60.121,-3.8895,20.6449,55.934,196706625.2,0.232,8.141,0.56,4.2277,0.9835,1.0517
002799.SZ,环球印务,2016年6月8日,2020年1月1日,1302,0,3.5413,6.2858,5.5935,6.1774,4.3558,6.2858,5.1706,3.9511,2.0606,1.301,3.7008,5.4425,0.6331,1.1225,0.9449,42.6055,1.7205,0.4981,0.7423,38.7798,38.5144,4.8144,29.194,15487898.57,0.2031,8.6547,0.19,3.6247,0.1033,0.9891
300521.SZ,爱司凯,2016年7月5日,2020年1月1日,1275,0,4.5015,14.6905,14.629,19.8875,4.4851,14.6905,4.9635,1.1849,2.6984,0.4373,1.2076,1.5464,0.3077,5.8082,4.8621,11.5104,1.7205,1.9735,0.1301,-3.0749,-30.6443,3.7193,6.949,51352366.08,0.4698,5.4071,0.1767,3.5598,0.3566,0.9726
601966.SH,玲珑轮胎,2016年7月6日,2020年1月1日,1274,0,5.2296,8.3562,7.7205,8.9052,5.9832,8.3562,11.8033,5.9145,1.5644,1.5296,12.7513,5.0737,0.6774,1.1411,0.9091,61.1703,1.5842,0.505,1.5753,75.2016,12.7597,15.0289,33.052,2051228199,0.1167,7.1412,0.98,8.1142,1.7094,2.2213
300527.SZ,中国应急,2016年8月5日,2020年1月1日,1244,0,6.5364,10.5017,9.0339,10.5612,6.6597,10.5017,10.915,4.4826,6.513,0.9294,3.034,3.9931,0.7235,1.6355,1.4088,49.0046,1.7205,0.8114,0.961,54.2102,5.6773,-0.3504,15.9554,-71088315.98,-0.2447,-11.9891,0.3287,2.342,-0.0813,0.4682
002808.SZ,恒久科技,2016年8月12日,2020年1月1日,1237,0,5.2906,12.1581,10.8715,13.1747,5.29,12.1581,6.1169,3.3547,3.0463,0.6721,1.6605,2.5425,0.4867,4.1986,3.3061,17.5626,1.7205,1.3496,0.213,40.5691,13.8378,4.7449,10.3454,-40243621.93,-0.2901,-5.0945,0.181,2.9512,-0.2096,0.6856
300535.SZ,达威股份,2016年8月12日,2020年1月1日,1237,0,5.481,13.5972,11.5794,14.4067,6.1241,13.5972,5.8547,2.2383,2.4403,0.788,3.5735,2.4057,0.4733,6.2931,5.0373,9.254,1.7205,1.8536,0.102,29.4742,-20.3064,6.7989,7.5265,-62210722.06,-0.0108,-0.0996,0.4043,7.0965,-0.6242,2.8856
002810.SZ,山东赫达,2016年8月26日,2020年1月1日,1223,0,6.3121,9.7768,8.4006,9.9227,7.4027,9.7768,9.6965,6.0731,1.7928,2.0523,7.6691,4.843,0.7514,1.2813,0.8703,41.5887,3.2434,0.314,0.712,84.2228,64.5137,12.1149,19.2255,-17860029.39,0.1774,7.3774,0.6401,6.3583,-0.15,1.8376
300545.SZ,联得装备,2016年9月28日,2020年1月1日,1190,0,7.7407,13.7847,12.8498,16.1637,9.0157,13.7847,14.4013,3.4181,41.7799,0.7197,4.6045,1.5109,0.6024,1.4948,0.8705,49.0755,4.4801,0.3644,0.9637,164.9396,50.861,16.0625,11.7479,-408873535.1,-0.1863,-9.1437,0.6,4.1084,-2.8371,1.2626
300553.SZ,集智股份,2016年10月21日,2020年1月1日,1167,0,3.3306,11.0168,8.5473,10.8425,3.8002,11.0168,5.0143,2.8714,1.5996,0.5352,2.9213,1.3955,0.3897,6.6212,5.1018,10.9804,1.7205,2.2869,0.1233,43.2352,-43.7849,1.3568,2.5477,-75965151.04,0.1226,1.3463,0.34,6.8014,-1.5826,3.4311
300567.SZ,精测电子,2016年11月22日,2020年1月1日,1135,0,15.559,24.7521,21.8122,32.7708,13.9134,24.7521,24.965,2.6811,10.905,0.8663,8.4926,2.4013,0.7133,1.4773,1.1868,53.9021,1.7205,0.5764,1.1693,232.7824,79.3791,35.3686,105.8053,276201351.2,0.1247,6.7191,1.8,7.0743,1.6881,2.6293
603336.SH,宏辉果蔬,2016年11月24日,2020年1月1日,1133,0,7.1306,8.5676,8.4063,9.2049,6.5356,8.5676,7.871,3.8162,6.7843,1.1269,4.4034,2.3688,0.8482,4.5656,2.5706,16.3187,1.7205,0.8865,0.195,20.831,1.3324,4.7877,24.8441,63692173.32,-0.3882,-6.3343,0.37,4.7029,0.3674,1.4377
300569.SZ,天能重工,2016年11月25日,2020年1月1日,1132,0,4.0337,8.9847,8.3071,9.5232,4.241,8.9847,5.8188,2.7084,2.0397,0.7591,9.2897,1.8559,0.4856,1.4007,0.8747,43.8891,7.6075,0.3132,0.7822,37.6248,18.6264,4.9789,31.9367,170986325,-0.2048,-8.9883,0.6822,11.7239,1.1398,6.0065
002825.SZ,纳尔股份,2016年11月29日,2020年1月1日,1128,0,7.785,8.7423,7.8612,9.0156,7.8413,8.7423,9.9731,11.7025,5.3627,1.5463,5.6209,8.9171,0.9903,2.3254,1.9969,26.1507,1.7205,0.6467,0.3541,49.654,70.5998,9.2408,12.0936,-43980813.63,0.3785,9.8969,0.44,4.4306,-0.3135,1.1137
603690.SH,至纯科技,2017年1月13日,2020年1月1日,1083,0,2.5683,5.3524,4.6724,5.4791,4.0234,5.3524,7.4461,1.6881,5.1041,0.7538,3.1957,1.5594,0.5497,1.1396,0.7007,69.4703,0.9616,0.1042,2.2755,224.8523,-35.7048,7.5521,45.5624,-12403667.29,-0.0523,-3.6338,0.155,2.0653,-0.0588,0.2902
603626.SH,科森科技,2017年2月9日,2020年1月1日,1056,0,2.9627,5.2532,5.1679,5.8217,3.7405,5.2532,6.6869,1.9054,1.5604,1.1144,5.7951,7.5528,0.5733,1.0844,0.944,60.6706,1.4239,0.2851,1.5426,120.8834,-44.0388,6.064,44.1913,198360442,0.109,6.612,0.302,4.2599,0.4773,1.7174
603615.SH,茶花股份,2017年2月13日,2020年1月1日,1052,0,4.727,11.9589,8.9674,10.3002,6.1369,11.9589,5.0775,8.1789,2.2048,0.7709,3.1773,3.6158,0.5271,8.4875,7.1148,7.9777,1.7205,5.0748,0.0867,12.1373,-26.9599,0.6263,2.3634,-198665087,0.8375,6.6814,0.28,5.6115,-0.8278,2.7917
603839.SH,安正时尚,2017年2月14日,2020年1月1日,1051,0,8.2147,19.4183,17.0384,22.0269,8.6344,19.4183,10.2516,13.7601,3.0738,0.7417,4.0799,0.9575,0.4821,3.8738,2.5262,24.4085,1.7205,0.774,0.3229,34.6454,2.9054,6.6399,17.0702,67454954.05,0.1056,2.5773,0.7,6.7843,0.1669,2.4922
300611.SZ,美力科技,2017年2月20日,2020年1月1日,1045,0,1.9644,4.0717,3.3754,3.7601,2.8592,4.0717,3.0085,2.9263,1.6747,1.1744,3.046,3.438,0.582,2.2643,1.6272,35.4022,5.0065,0.4672,0.548,83.0963,-60.9454,-1.9434,19.0259,-16215486.15,0.0981,3.4742,0.11,3.7003,-0.0906,1.4516
300618.SZ,寒锐钴业,2017年3月6日,2020年1月1日,1031,0,25.0394,34.3785,25.307,41.2464,28.7437,34.3785,37.2373,11.8174,11.3776,1.2223,14.492,1.3657,0.9894,3.2516,1.6605,44.9591,9.8182,1.0612,0.8168,198.6759,56.6872,70.6189,58.7289,192685433.5,0.1875,8.4276,3.69,9.2494,1.0036,1.8791
603665.SH,康隆达,2017年3月13日,2020年1月1日,1024,0,6.8721,10.6474,9.4142,11.144,7.5562,10.6474,8.3789,9.0726,2.929,1.3123,9.054,2.4339,0.73,2.2999,1.2697,24.3354,1.7205,0.77,0.3216,47.5916,15.5937,7.6135,16.3761,61298339.69,0.1785,4.343,0.84,9.9735,0.613,5.8866
300623.SZ,捷捷微电,2017年3月14日,2020年1月1日,1023,0,11.3397,36.2444,30.8238,51.3167,11.2486,36.2444,12.2692,4.4282,1.3662,0.5644,2.9902,3.146,0.3679,5.2829,4.7576,13.4752,1.7205,3.9463,0.1557,122.5896,14.9287,10.6192,14.6339,99674632.9,1.243,16.7499,0.93,7.5123,0.5545,3.7675
603517.SH,绝味食品,2017年3月17日,2020年1月1日,1020,0,17.9902,19.0152,14.4367,18.0683,22.1202,19.0152,21.1811,986.4311,4.7895,2.767,10.6536,5.5503,1.2461,1.9527,1.172,20.7807,1.7205,0.9011,0.2623,49.522,26.8084,17.6071,19.8301,-362510618.4,0.6103,12.6816,1.56,7.3769,-0.8842,1.877
603385.SH,惠达卫浴,2017年4月5日,2020年1月1日,1001,0,6.1093,10.0645,8.9376,10.1878,6.8848,10.0645,7.5849,5.7988,2.8318,1.2791,7.8507,2.9234,0.6836,2.3853,1.6214,24.8913,1.7205,0.4594,0.3314,29.9434,1.9826,5.1275,8.3697,-70913536.81,-0.053,-1.3197,0.65,8.5239,-0.192,2.49
603078.SH,江化微,2017年4月10日,2020年1月1日,996,0,4.1935,11.5726,10.3354,12.2927,4.229,11.5726,5.1863,2.558,2.0843,0.7033,4.5676,10.8333,0.4057,2.232,2.0992,23.7201,1.7205,1.327,0.311,17.8226,-26.1249,2.9314,14.3188,107162628,0.3046,7.2243,0.4753,9.1641,1.2757,4.1736
603826.SH,坤彩科技,2017年4月14日,2020年1月1日,992,0,13.339,35.6787,30.6807,48.0664,14.2648,35.6787,13.8899,5.5915,1.4353,0.9135,1.2538,1.1359,0.4348,4.7539,2.2954,11.1091,1.7205,0.4336,0.125,79.1876,55.1476,13.8464,17.926,-44553902.05,0.434,4.8212,0.3851,2.7722,-0.0952,0.8197
603320.SH,迪贝电气,2017年5月2日,2020年1月1日,974,0,5.9527,7.8895,6.7468,7.6133,7.0704,7.8895,6.9078,6.9056,4.571,1.2513,6.3486,4.5062,0.8823,5.3701,3.9863,12.9849,1.7205,1.4444,0.1492,51.5863,-16.8701,4.5937,-1.9165,-60194642.33,0.5939,7.7112,0.43,6.2006,-0.6019,2.1822
601952.SH,苏垦农发,2017年5月15日,2020年1月1日,961,0,9.0263,13.3305,12.5646,13.5454,9.2869,13.3305,10.8228,31.3128,3.6825,0.9252,3.544,2.1217,0.7184,5.061,3.1787,18.6235,1.7205,2.228,0.2289,16.8787,9.2154,7.5652,5.6707,229104427.7,0.2703,5.0338,0.44,4.0596,0.1663,1.4486
002885.SZ,京泉华,2017年6月27日,2020年1月1日,918,0,5.5916,6.8391,6.6419,7.509,6.0259,6.8391,10.8202,3.1244,24.6626,1.0864,9.7192,4.1345,0.8419,1.8105,1.3481,49.2875,1.7205,0.6823,0.9719,53.9792,34.6945,11.228,10.613,89517233.59,-0.0016,-0.0799,0.8,6.1409,0.746,2.5047
603801.SH,志邦家居,2017年6月30日,2020年1月1日,915,0,10.0982,13.228,11.2166,13.5415,10.8735,13.228,14.5756,22.0588,3.981,1.3707,15.2062,9.8739,0.9003,1.9077,1.7321,32.7618,1.7205,0.9551,0.4872,104.726,16.5122,10.1669,6.2682,-208053420,0.4054,13.2814,1.7056,11.7019,-1.3003,5.8785
300672.SZ,国科微,2017年7月12日,2020年1月1日,903,0,3.3074,5.2393,11.2148,15.7521,3.3355,5.2393,5.4772,2.1763,5.2885,0.471,3.5799,2.183,0.2949,1.4749,1.2858,38.1976,1.7205,0.7009,0.6181,8.9952,-2.177,5.9372,49.7868,-101883474.6,-0.1217,-4.6473,0.5,9.176,-0.9116,6.262
002891.SZ,中宠股份,2017年8月21日,2020年1月1日,863,0,5.1017,4.639,4.3574,4.8396,5.3288,4.639,7.5858,9.0546,4.6853,2.3251,14.1226,4.5487,1.1708,1.2028,0.685,40.7649,2.5213,0.1939,0.6882,117.8671,-27.4373,7.3211,40.0217,-101072246.5,0.0473,1.9301,0.56,7.4408,-1.0107,4.0538
603976.SH,正川股份,2017年8月22日,2020年1月1日,862,0,7.5649,15.7938,13.8921,17.0228,7.1532,15.7938,8.3855,6.1382,2.0298,0.8199,3.9404,3.7572,0.5445,5.5041,4.6181,12.3787,1.7205,3.6667,0.1413,24.203,0.7158,3.4684,6.0977,-54578165.74,0.4611,5.7079,0.55,6.5279,-0.361,3.6742
002656.SZ,ST摩登,2012年2月28日,2020年1月13日,2876,1,0.235,0.6853,0.5055,0.5597,0.8077,0.6853,1.1697,5.6417,3.7278,1.069,2.1923,2.2017,0.4649,2.2941,1.5474,25.9515,6.6119,0.603,0.3505,115.6863,-93.1519,0.7644,-1.2539,-341635697.4,-0.1007,-2.6137,0.0391,3.3421,-0.4795,1.913
